smiles,sequence,label,jaccard_sim
O=C(O)CCCC[C@@H]1CCSS1,MLIPFSMKNCFQLLCNCQVPAAGFKKTVKNGLILQSISNDVYQNLAVEDWIHDHMNLEGKPILFFWQNSPSVVIGRHQNPWQECNLNLMREEGIKLARRRSGGGTVYHDMGNINLTFFTTKKKYDRMENLKLIVRALNAVQPQLDVQATKRFDLLLDGQFKISGTASKIGRTTAYHHCTLLCSTDGTFLSSLLKSPYQGIRSNATASIPSLVKNLLEKDPTLTCEVLMNAVATEYAAYHQIDNHIHLINPTDETLFPGINSKAKELQTWEWIYGKTPKFSINTSFHVLYEQSHLEIKVFIDIKNGRIEICNIEAPDHWLPLEIRDKLNSSLIGSKFCPTETTMLTNILLRTCPQDHKLNSKWNILCEKIKGIM,1.0,0.909
O=C(O)CCCC[C@@H]1CCSS1,MLYLIGLGLGDAKDITVKGLEVVRRCSRVYLEAYTSVLTVGKEALEEFYGRKLVVADREEVEQEADNILKDADISDVAFLVVGDPFGATTHSDLVLRATKLGIPYRVIHNASIMNAVGCCGLQLYKFGETVSIVFWTDTWRPESFFDKVKKNRQNGMHTLCLLDIKVKEQSLENLIKGRKIYEPPRYMSVNQAAQQLLEIVQNQRIRGEEPAVTEETLCVGLARVGADDQKIAAGTLRQMCTVDLGEPLHSLIITGGSIHPMEMEMLSLFSIPENSSESQSINGL,0.0,0.862
O=C(O)CCCCC1CCSS1,MTFPGDTAVLVLAAGPGTRMRSDTPKVLHTLAGRSMLSHVLHAIAKLAPQRLIVVLGHDHQRIAPLVGELADTLGRTIDVALQDRPLGTGHAVLCGLSALPDDYAGNVVVTSGDTPLLDADTLADLIATHRAVSAAVTVLTTTLDDPFGYGRILRTQDHEVMAIVEQTDATPSQREIREVNAGVYAFDIAALRSALSRLSSNNAQQELYLTDVIAILRSDGQTVHASHVDDSALVAGVNNRVQLAELASELNRRVVAAHQLAGVTVVDPATTWIDVDVTIGRDTVIHPGTQLLGRTQIGGRCVVGPDTTLTDVAVGDGASVVRTHGSSSSIGDGAAVGPFTYLRPGTALGADGKLGAFVEVKNSTIGTGTKVPHLTYVGDADIGEYSNIGASSVFVNYDGTSKRRTTVGSHVRTGSDTMFVAPVTIGDGAYTGAGTVVREDVPPGALAVSAGPQRNIENWVQRKRPGSPAAQASKRASEMACQQPTQPPDADQTP,1.0,0.849
O=C(O)CCCC[C@@H]1CCSS1,MEQLRAAARLQIVLGHLGRPSAGAVVAHPTSGTISSASFHPQQFQYTLDNNVLTLEQRKFYEENGFLVIKNLVPDADIQRFRNEFEKICRKEVKPLGLTVMRDVTISKSEYAPSEKMITKVQDFQEDKELFRYCTLPEILKYVECFTGPNIMAMHTMLINKPPDSGKKTSRHPLHQDLHYFPFRPSDLIVCAWTAMEHISRNNGCLVVLPGTHKGSLKPHDYPKWEGGVNKMFHGIQDYEENKARVHLVMEKGDTVFFHPLLIHGSGQNKTQGFRKAISCHFASADCHYIDVKGTSQENIEKEVVGIAHKFFGAENSVNLKDIWMFRARLVKGERTNL,0.0,0.839
O=C(O)CCCCC1CCSS1,MSGSFELSVQDLNDLLSDGSGCYSLPSQPCNEVTPRIYVGNASVAQDIPKLQKLGITHVLNAAEGRSFMHVNTNANFYKDSGITYLGIKANDTQEFNLSAYFERAADFIDQALAQKNGRVLVHCREGYSRSPTLVIAYLMMRQKMDVKSALSIVRQNREIGPNDGFLAQLCQLNDRLAKEGKLKP,1.0,0.839
O=C(O)CCCC[C@@H]1CCSS1,MSLRCGDAARTLGPRVFGRYFCSPVRPLSSLPDKKKELLQNGPDLQDFVSGDLADRSTWDEYKGNLKRQKGERLRLPPWLKTEIPMGKNYNKLKNTLRNLNLHTVCEEARCPNIGECWGGGEYATATATIMLMGDTCTRGCRFCSVKTARNPPPLDASEPYNTAKAIAEWGLDYVVLTSVDRDDMPDGGAEHIAKTVSYLKERNPKILVECLTPDFRGDLKAIEKVALSGLDVYAHNVETVPELQSKVRDPRANFDQSLRVLKHAKKVQPDVISKTSIMLGLGENDEQVYATMKALREADVDCLTLGQYMQPTRRHLKVEEYITPEKFKYWEKVGNELGFHYTASGPLVRSSYKAGEFFLKNLVAKRKTKDL,1.0,0.836
O=C(O)CCCCC1CCSS1,MSQEGDYGRWTISSSDESEEEKPKPDKPSTSSLLCARQGAANEPRYTCSEAQKAAHKRKISPVKFSNTDSVLPPKRQKSGSQEDLGWCLSSSDDELQPEMPQKQAEKVVIKKEKDISAPNDGTAQRTENHGAPACHRLKEEEDEYETSGEGQDIWDMLDKGNPFQFYLTRVSGVKPKYNSGALHIKDILSPLFGTLVSSAQFNYCFDVDWLVKQYPPEFRKKPILLVHGDKREAKAHLHAQAKPYENISLCQAKLDIAFGTHHTKMMLLLYEEGLRVVIHTSNLIHADWHQKTQGIWLSPLYPRIADGTHKSGESPTHFKADLISYLMAYNAPSLKEWIDVIHKHDLSETNVYLIGSTPGRFQGSQKDNWGHFRLKKLLKDHASSMPNAESWPVVGQFSSVGSLGADESKWLCSEFKESMLTLGKESKTPGKSSVPLYLIYPSVENVRTSLEGYPAGGSLPYSIQTAEKQNWLHSYFHKWSAETSGRSNAMPHIKTYMRPSPDFSKIAWFLVTSANLSKAAWGALEKNGTQLMIRSYELGVLFLPSAFGLDSFKVKQKFFAGSQEPMATFPVPYDLPPELYGSKDRPWIWNIPYVKAPDTHGNMWVPS,1.0,0.8260000000000001
O=C(O)CCCCC1CCSS1,MSKRKAPQETLNGGITDMLTELANFEKNVSQAIHKYNAYRKAASVIAKYPHKIKSGAEAKKLPGVGTKIAEKIDEFLATGKLRKLEKIRQDDTSSSINFLTRVSGIGPSAARKFVDEGIKTLEDLRKNEDKLNHHQRIGLKYFGDFEKRIPREEMLQMQDIVLNEVKKVDSEYIATVCGSFRRGAESSGDMDVLLTHPSFTSESTKQPKLLHQVVEQLQKVHFITDTLSKGETKFMGVCQLPSKNDEKEYPHRRIDIRLIPKDQYYCGVLYFTGSDIFNKNMRAHALEKGFTINEYTIRPLGVTGVAGEPLPVDSEKDIFDYIQWKYREPKDRSE,1.0,0.8240000000000001
O=C(O)CCCCC1CCSS1,MASVSALTEELDSITSELHAVEIQIQELTERQQELIQKKKVLTKKIKQCLEDSDAGASNEYDSSPAAWNKEDFPWSGKVKDILQNVFKLEKFRPLQLETINVTMAGKEVFLVMPTGGGKSLCYQLPALCSDGFTLVICPLISLMEDQLMVLKQLGISATMLNASSSKEHVKWVHAEMVNKNSELKLIYVTPEKIAKSKMFMSRLEKAYEARRFTRIAVDEVHCCSQWGHDFRPDYKALGILKRQFPNASLIGLTATATNHVLTDAQKILCIEKCFTFTASFNRPNLYYEVRQKPSNTEDFIEDIVKLINGRYKGQSGIIYCFSQKDSEQVTVSLQNLGIHAGAYHANLEPEDKTTVHRKWSANEIQVVVATVAFGMGIDKPDVRFVIHHSMSKSMENYYQESGRAGRDDMKADCILYYGFGDIFRISSMVVMENVGQQKLYEMVSYCQNISKCRRVLMAQHFDEVWNSEACNKMCDNCCKDSAFERKNITEYCRDLIKILKQAEELNEKLTPLKLIDSWMGKGAAKLRVAGVVAPTLPREDLEKIIAHFLIQQYLKEDYSFTAYATISYLKIGPKANLLNNEAHAITMQVTKSTQNSFRAESSQTCHSEQGDKKMEEKNSGNFQKKAANMLQQSGSKNTGAKKRKIDDA,1.0,0.823
O=C(O)CCCCC1CCSS1,MPKRGKKGAVAEDGDELRTEPEAKKSKTAAKKNDKEAAGEGPALYEDPPDQKTSPSGKPATLKICSWNVDGLRAWIKKKGLDWVKEEAPDILCLQETKCSENKLPAELQELPGLSHQYWSAPSDKEGYSGVGLLSRQCPLKVSYGIGDEEHDQEGRVIVAEFDSFVLVTAYVPNAGRGLVRLEYRQRWDEAFRKFLKGLASRKPLVLCGDLNVAHEEIDLRNPKGNKKNAGFTPQERQGFGELLQAVPLADSFRHLYPNTPYAYTFWTYMMNARSKNVGWRLDYFLLSHSLLPALCDSKIRSKALGSDHCPITLYLAL,1.0,0.8220000000000001
O=C(O)CCCCC1CCSS1,MDKNELVQKAKLAEQAERYDDMAACMKSVTEQGAELSNEERNLLSVAYKNVVGARRSSWRVVSSIEQKTEGAEKKQQMAREYREKIETELRDICNDVLSLLEKFLIPNASQAESKVFYLKMKGDYYRYLAEVAAGDDKKGIVDQSQQAYQEAFEISKKEMQPTHPIRLGLALNFSVFYYEILNSPEKACSLAKTAFDEAIAELDTLSEESYKDSTLIMQLLRDNLTLWTSDTQGDEAEAGEGGEN,1.0,0.8140000000000001
O=C(O)CCCCC1CCSS1,MAASGSGMAQKTWELANNMQEAQSIDEIYKYDKKQQQEILAAKPWTKDHHYFKYCKISALALLKMVMHARSGGNLEVMGLMLGKVDGETMIIMDSFALPVEGTETRVNAQAAAYEYMAAYIENAKQVGRLENAIGWYHSHPGYGCWLSGIDVSTQMLNQQFQEPFVAVVIDPTRTISAGKVNLGAFRTYPKGYKPPDEGPSEYQTIPLNKIEDFGVHCKQYYALEVSYFKSSLDRKLLELLWNKYWVNTLSSSSLLTNADYTTGQVFDLSEKLEQSEAQLGRGSFMLGLETHDRKSEDKLAKATRDSCKTTIEAIHGLMSQVIKDKLFNQINIS,1.0,0.8140000000000001
O=C(O)CCCCC1CCSS1,MHLVAGDSPGSGPHLPATAFIIPASSATLGLPSSALDVSCFPREPIHVGAPEQVAGCEPVSATVLPQLSAGPASSSTSTVRLLEWTEAAAPPPGGGLRFRISEYKPLNMAGVEQPPSPELRQEGVTEYEDGGAPAGDGEAGPQQAEDHPQNPPEDPNQDPPEDDSTCQCQACGPHQAAGPDLGSSNDGCPQLFQERSVIVENSSGSTSASELLKPMKKRKRREYQSPSEEESEPEAMEKQEEGKDPEGQPTASTPESEEWSSSQPATGEKKECWSWESYLEEQKAITAPVSLFQDSQAVTHNKNGFKLGMKLEGIDPQHPSMYFILTVAEVCGYRLRLHFDGYSECHDFWVNANSPDIHPAGWFEKTGHKLQPPKGYKEEEFSWSQYLRSTRAQAAPKHLFVSQSHSPPPLGFQVGMKLEAVDRMNPSLVCVASVTDVVDSRFLVHFDNWDDTYDYWCDPSSPYIHPVGWCQKQGKPLTPPQDYPDPDNFCWEKYLEETGASAVPTWAFKVRPPHSFLVNMKLEAVDRRNPALIRVASVEDVEDHRIKIHFDGWSHGYDFWIDADHPDIHPAGWCSKTGHPLQPPLGPREPSSASPGGCPPLSYRSLPHTRTSKYSFHHRKCPTPGCDGSGHVTGKFTAHHCLSGCPLAERNQSRLKAELSDSEASARKKNLSGFSPRKKPRHHGRIGRPPKYRKIPQEDFQTLTPDVVHQSLFMSALSAHPDRSLSVCWEQHCKLLPGVAGISASTVAKWTIDEVFGFVQTLTGCEDQARLFKDEARIVRVTHVSGKTLVWTVAQLGDLVCSDHLQEGKGILETGVHSLLCSLPTHLLAKLSFASDSQY,1.0,0.813
O=C(O)CCCCC1CCSS1,MAAVPQNNLQEQLERHSARTLNNKLSLSKPKFSGFTFKKKTSSDNNVSVTNVSVAKTPVLRNKDVNVTEDFSFSEPLPNTTNQQRVKDFFKNAPAGQETQRGGSKSLLPDFLQTPKEVVCTTQNTPTVKKSRDTALKKLEFSSSPDSLSTINDWDDMDDFDTSETSKSFVTPPQSHFVRVSTAQKSKKGKRNFFKAQLYTTNTVKTDLPPPSSESEQIDLTEEQKDDSEWLSSDVICIDDGPIAEVHINEDAQESDSLKTHLEDERDNSEKKKNLEEAELHSTEKVPCIEFDDDDYDTDFVPPSPEEIISASSSSSKCLSTLKDLDTSDRKEDVLSTSKDLLSKPEKMSMQELNPETSTDCDARQISLQQQLIHVMEHICKLIDTIPDDKLKLLDCGNELLQQRNIRRKLLTEVDFNKSDASLLGSLWRYRPDSLDGPMEGDSCPTGNSMKELNFSHLPSNSVSPGDCLLTTTLGKTGFSATRKNLFERPLFNTHLQKSFVSSNWAETPRLGKKNESSYFPGNVLTSTAVKDQNKHTASINDLERETQPSYDIDNFDIDDFDDDDDWEDIMHNLAASKSSTAAYQPIKEGRPIKSVSERLSSAKTDCLPVSSTAQNINFSESIQNYTDKSAQNLASRNLKHERFQSLSFPHTKEMMKIFHKKFGLHNFRTNQLEAINAALLGEDCFILMPTGGGKSLCYQLPACVSPGVTVVISPLRSLIVDQVQKLTSLDIPATYLTGDKTDSEATNIYLQLSKKDPIIKLLYVTPEKICASNRLISTLENLYERKLLARFVIDEAHCVSQWGHDFRQDYKRMNMLRQKFPSVPVMALTATANPRVQKDILTQLKILRPQVFSMSFNRHNLKYYVLPKKPKKVAFDCLEWIRKHHPYDSGIIYCLSRRECDTMADTLQRDGLAALAYHAGLSDSARDEVQQKWINQDGCQVICATIAFGMGIDKPDVRFVIHASLPKSVEGYYQESGRAGRDGEISHCLLFYTYHDVTRLKRLIMMEKDGNHHTRETHFNNLYSMVHYCENITECRRIQLLAYFGENGFNPDFCKKHPDVSCDNCCKTKDYKTRDVTDDVKSIVRFVQEHSSSQGMRNIKHVGPSGRFTMNMLVDIFLGSKSAKIQSGIFGKGSAYSRHNAERLFKKLILDKILDEDLYINANDQAIAYVMLGNKAQTVLNGNLKVDFMETENSSSVKKQKALVAKVSQREEMVKKCLGELTEVCKSLGKVFGVHYFNIFNTVTLKKLAESLSSDPEVLLQIDGVTEDKLEKYGAEVISVLQKYSEWTSPAEDSSPGISLSSSRGPGRSAAEELDEEIPVSSHYFASKTRNERKRKKMPASQRSKRRKTASSGSKAKGGSATCRKISSKTKSSSIIGSSSASHTSQATSGANSKLGIMAPPKPINRPFLKPSYAFS,1.0,0.812
O=C(O)CCCCC1CCSS1,MTDCEFGYIYRLAQDYLQCVLQIPQPGSGPSKTSRVLQNVAFSVQKEVEKNLKSCLDNVNVVSVDTARTLFNQVMEKEFEDGIINWGRIVTIFAFEGILIKKLLRQQIAPDVDTYKEISYFVAEFIMNNTGEWIRQNGGWENGFVKKFEPKSGWMTFLEVTGKICEMLSLLKQYC,0.0,0.81
O=C(O)CCCCC1CCSS1,MDSTKEKCDSYKDDLLLRMGLNDNKAGMEGLDKEKINKIIMEATKGSRFYGNELKKEKQVNQRIENMMQQKAQITSQQLRKAQLQVDRFAMELEQSRNLSNTIVHIDMDAFYAAVEMRDNPELKDKPIAVGSMSMLSTSNYHARRFGVRAAMPGFIAKRLCPQLIIVPPNFDKYRAVSKEVKEILADYDPNFMAMSLDEAYLNITKHLEERQNWPEDKRRYFIKMGSSVENDNPGKEVNKLSEHERSISPLLFEESPSDVQPPGDPFQVNFEEQNNPQILQNSVVFGTSAQEVVKEIRFRIEQKTTLTASAGIAPNTMLAKVCSDKNKPNGQYQILPNRQAVMDFIKDLPIRKVSGIGKVTEKMLKALGIITCTELYQQRALLSLLFSETSWHYFLHISLGLGSTHLTRDGERKSMSVERTFSEINKAEEQYSLCQELCSELAQDLQKERLKGRTVTIKLKNVNFEVKTRASTVSSVVSTAEEIFAIAKELLKTEIDADFPHPLRLRLMGVRISSFPNEEDRKHQQRSIIGFLQAGNQALSATECTLEKTDKDKFVKPLEMSHKKSFFDKKRSERKWSHQDTFKCEAVNKQSFQTSQPFQVLKKKMNENLEISENSDDCQILTCPVCFRAQGCISLEALNKHVDECLDGPSISENFKMFSCSHVSATKVNKKENVPASSLCEKQDYEAHPKIKEISSVDCIALVDTIDNSSKAESIDALSNKHSKEECSSLPSKSFNIEHCHQNSSSTVSLENEDVGSFRQEYRQPYLCEVKTGQALVCPVCNVEQKTSDLTLFNVHVDVCLNKSFIQELRKDKFNPVNQPKESSRSTGSSSGVQKAVTRTKRPGLMTKYSTSKKIKPNNPKHTLDIFFK,1.0,0.806
O=C(O)CCCC[C@@H]1CCSS1,MGDSHVDTSSTVSEAVAEEVSLFSMTDMILFSLIVGLLTYWFLFRKKKEEVPEFTKIQTLTSSVRESSFVEKMKKTGRNIIVFYGSQTGTAEEFANRLSKDAHRYGMRGMSADPEEYDLADLSSLPEIDNALVVFCMATYGEGDPTDNAQDFYDWLQETDVDLSGVKFAVFGLGNKTYEHFNAMGKYVDKRLEQLGAQRIFELGLGDDDGNLEEDFITWREQFWPAVCEHFGVEATGEESSIRQYELVVHTDIDAAKVYMGEMGRLKSYENQKPPFDAKNPFLAAVTTNRKLNQGTERHLMHLELDISDSKIRYESGDHVAVYPANDSALVNQLGKILGADLDVVMSLNNLDEESNKKHPFPCPTSYRTALTYYLDITNPPRTNVLYELAQYASEPSEQELLRKMASSSGEGKELYLSWVVEARRHILAILQDCPSLRPPIDHLCELLPRLQARYYSIASSSKVHPNSVHICAVVVEYETKAGRINKGVATNWLRAKEPAGENGGRALVPMFVRKSQFRLPFKATTPVIMVGPGTGVAPFIGFIQERAWLRQQGKEVGETLLYYGCRRSDEDYLYREELAQFHRDGALTQLNVAFSREQSHKVYVQHLLKQDREHLWKLIEGGAHIYVCGDARNMARDVQNTFYDIVAELGAMEHAQAVDYIKKLMTKGRYSLDVWS,1.0,0.8049999999999999
O=C(O)CCCCC1CCSS1,MEPVDPRLEPWKHPGSQPKTACTNCYCKKCCFHCQVCFITKALGISYGRKKRRQRRRAHQNSQTHQASLSKQPTSQPRGDPTGPKE,1.0,0.802
O=C(O)CCCCC1CCSS1,MAEPSQAPTPAPAAQPRPLQSPAPAPTPTPAPSPASAPIPTPTPAPAPAPAAAPAGSTGTGGPGVGSGGAGSGGDPARPGLSQQQRASQRKAQVRGLPRAKKLEKLGVFSACKANETCKCNGWKNPKPPTAPRMDLQQPAANLSELCRSCEHPLADHVSHLENVSEDEINRLLGMVVDVENLFMSVHKEEDTDTKQVYFYLFKLLRKCILQMTRPVVEGSLGSPPFEKPNIEQGVLNFVQYKFSHLAPRERQTMFELSKMFLLCLNYWKLETPAQFRQRSQAEDVATYKVNYTRWLCYCHVPQSCDSLPRYETTHVFGRSLLRSIFTVTRRQLLEKFRVEKDKLVPEKRTLILTHFPKFLSMLEEEIYGANSPIWESGFTMPPSEGTQLVPRPASVSAAVVPSTPIFSPSMGGGSNSSLSLDSAGAEPMPGEKRTLPENLTLEDAKRLRVMGDIPMELVNEVMLTITDPAAMLGPETSLLSANAARDETARLEERRGIIEFHVIGNSLTPKANRRVLLWLVGLQNVFSHQLPRMPKEYIARLVFDPKHKTLALIKDGRVIGGICFRMFPTQGFTEIVFCAVTSNEQVKGYGTHLMNHLKEYHIKHNILYFLTYADEYAIGYFKKQGFSKDIKVPKSRYLGYIKDYEGATLMECELNPRIPYTELSHIIKKQKEIIKKLIERKQAQIRKVYPGLSCFKEGVRQIPVESVPGIRETGWKPLGKEKGKELKDPDQLYTTLKNLLAQIKSHPSAWPFMEPVKKSEAPDYYEVIRFPIDLKTMTERLRSRYYVTRKLFVADLQRVIANCREYNPPDSEYCRCASALEKFFYFKLKEGGLIDK,1.0,0.802
O=C(O)CCCCC1CCSS1,MWIQVRTMDGRQTHTVDSLSRLTKVEELRRKIQELFHVEPGLQRLFYRGKQMEDGHTLFDYEVRLNDTIQLLVRQSLVLPHSTKERDSELSDTDSGCCLGQSESDKSSTHGEAAAETDSRPADEDMWDETELGLYKVNEYVDARDTNMGAWFEAQVVRVTRKAPSRDEPCSSTSRPALEEDVIYHVKYDDYPENGVVQMNSRDVRARARTIIKWQDLEVGQVVMLNYNPDNPKERGFWYDAEISRKRETRTARELYANVVLGDDSLNDCRIIFVDEVFKIERPGEGSPMVDNPMRRKSGPSCKHCKDDVNRLCRVCACHLCGGRQDPDKQLMCDECDMAFHIYCLDPPLSSVPSEDEWYCPECRNDASEVVLAGERLRESKKKAKMASATSSSQRDWGKGMACVGRTKECTIVPSNHYGPIPGIPVGTMWRFRVQVSESGVHRPHVAGIHGRSNDGAYSLVLAGGYEDDVDHGNFFTYTGSGGRDLSGNKRTAEQSCDQKLTNTNRALALNCFAPINDQEGAEAKDWRSGKPVRVVRNVKGGKNSKYAPAEGNRYDGIYKVVKYWPEKGKSGFLVWRYLLRRDDDEPGPWTKEGKDRIKKLGLTMQYPEGYLEALANREREKENSKREEEEQQEGGFASPRTGKGKWKRKSAGGGPSRAGSPRRTSKKTKVEPYSLTAQQSSLIREDKSNAKLWNEVLASLKDRPASGSPFQLFLSKVEETFQCICCQELVFRPITTVCQHNVCKDCLDRSFRAQVFSCPACRYDLGRSYAMQVNQPLQTVLNQLFPGYGNGR,1.0,0.802
O=C(O)CCCCC1CCSS1,MMDLELPPPGLPSQQDMDLIDILWRQDIDLGVSREVFDFSQRRKEYELEKQKKLEKERQEQLQKEQEKAFFAQLQLDEETGEFLPIQPAQHIQSETSGSANYSQVAHIPKSDALYFDDCMQLLAQTFPFVDDNEVSSATFQSLVPDIPGHIESPVFIATNQAQSPETSVAQVAPVDLDGMQQDIEQVWEELLSIPELQCLNIENDKLVETTMVPSPEAKLTEVDNYHFYSSIPSMEKEVGNCSPHFLNAFEDSFSSILSTEDPNQLTVNSLNSDATVNTDFGDEFYSAFIAEPSISNSMPSPATLSHSLSELLNGPIDVSDLSLCKAFNQNHPESTAEFNDSDSGISLNTSPSVASPEHSVESSSYGDTLLGLSDSEVEELDSAPGSVKQNGPKTPVHSSGDMVQPLSPSQGQSTHVHDAQCENTPEKELPVSPGHRKTPFTKDKHSSRLEAHLTRDELRAKALHIPFPVEKIINLPVVDFNEMMSKEQFNEAQLALIRDIRRRGKNKVAAQNCRKRKLENIVELEQDLDHLKDEKEKLLKEKGENDKSLHLLKKQLSTLYLEVFSMLRDEDGKPYSPSEYSLQQTRDGNVFLVPKSKKPDVKKN,1.0,0.8009999999999999
O=C(O)CCCC[C@@H]1CCSS1,MLTSKGQGFLHGGLCLWLCVFTPFFKGCVGCATEERLFHKLFSHYNQFIRPVENVSDPVTVHFEVAITQLANVDEVNQIMETNLWLRHIWNDYKLRWDPMEYDGIETLRVPADKIWKPDIVLYNNAVGDFQVEGKTKALLKYNGMITWTPPAIFKSSCPMDITFFPFDHQNCSLKFGSWTYDKAEIDLLIIGSKVDMNDFWENSEWEIIDASGYKHDIKYNCCEEIYTDITYSFYIRRLPMFYTINLIIPCLFISFLTVLVFYLPSDCGEKVTLCISVLLSLTVFLLVITETIPSTSLVVPLVGEYLLFTMIFVTLSIVVTVFVLNIHYRTPTTHTMPRWVKTVFLKLLPQVLLMRWPLDKTRGTGSDAVPRGLARRPAKGKLASHGEPRHLKECFHCHKSNELATSKRRLSHQPLQWVVENSEHSPEVEDVINSVQFIAENMKSHNETKEVEDDWKYVAMVVDRVFLWVFIIVCVFGTAGLFLQPLLGNTGKS,0.0,0.8009999999999999
O=C(O)CCCCC1CCSS1,MVSFKQVRVPLFTAIALVIVLLLAYFLPPRVRGGGRVSAAAITWVPKPNVEVWPVDPPPPVNFNKTAEQEYGDKEIKLPHWTPTLHTFQVPKNYTKANCTYCNTREYTFSYKERCFYFTKKKHTWNGCFQACAELYPCTYFYGPTPDILPVVTRNLNAIESLWVGVYRVGEGNWTSLDGGTFKVYQIFGSHCTYVSKFSTVPVSHHECSFLKPCLCVSQRSNS,1.0,0.8
O=C(O)CCCC[C@H]1CCSS1,MALIPDLAMETWLLLAVSLVLLYLYGTHSHGLFKKLGIPGPTPLPFLGNILSYHKGFCMFDMECHKKYGKVWGFYDGQQPVLAITDPDMIKTVLVKECYSVFTNRRPFGPVGFMKSAISIAEDEEWKRLRSLLSPTFTSGKLKEMVPIIAQYGDVLVRNLRREAETGKPVTLKDVFGAYSMDVITSTSFGVNIDSLNNPQDPFVENTKKLLRFDFLDPFFLSITVFPFLIPILEVLNICVFPREVTNFLRKSVKRMKESRLEDTQKHRVDFLQLMIDSQNSKETESHKALSDLELVAQSIIFIFAGYETTSSVLSFIMYELATHPDVQQKLQEEIDAVLPNKAPPTYDTVLQMEYLDMVVNETLRLFPIAMRLERVCKKDVEINGMFIPKGVVVMIPSYALHRDPKYWTEPEKFLPERFSKKNKDNIDPYIYTPFGSGPRNCIGMRFALMNMKLALIRVLQNFSFKPCKETQIPLKLSLGGLLQPEKPVVLKVESRDGTVSGA,0.0,0.8
O=C(O)CCCC[C@@H]1CCSS1,MSLIATVGPTGGVKNRLNIVDFVKNEKFFTLYVRSLELLQAKEQHDYSSFFQLAGIHGLPFTEWAKERPSMNLYKAGYCTHGQVLFPTWHRTYLSVLEQILQGAAIEVAKKFTSNQTDWVQAAQDLRQPYWDWGFELMPPDEVIKNEEVNITNYDGKKISVKNPILRYHFHPIDPSFKPYGDFATWRTTVRNPDRNRREDIPGLIKKMRLEEGQIREKTYNMLKFNDAWERFSNHGISDDQHANSLESVHDDIHVMVGYGKIEGHMDHPFFAAFDPIFWLHHTNVDRLLSLWKAINPDVWVTSGRNRDGTMGIAPNAQINSETPLEPFYQSGDKVWTSASLADTARLGYSYPDFDKLVGGTKELIRDAIDDLIDERYGSKPSSGARNTAFDLLADFKGITKEHKEDLKMYDWTIHVAFKKFELKESFSLLFYFASDGGDYDQENCFVGSINAFRGTAPETCANCQDNENLIQEGFIHLNHYLARDLESFEPQDVHKFLKEKGLSYKLYSRGDKPLTSLSVKIEGRPLHLPPGEHRPKYDHTQARVVFDDVAVHVIN,1.0,0.796
O=C(O)CCCCC1CCSS1,MSLHFLYYCSEPTLDVKIAFCQGFDKHVDVSSIAKHYNMSKSKVDNQFYSVEVGDSTFTVLKRYQNLKPIGSGAQGIVCAAYDAVLDRNVAIKKLSRPFQNQTHAKRAYRELVLMKCVNHKNIISLLNVFTPQKTLEEFQDVYLVMELMDANLCQVIQMELDHERMSYLLYQMLCGIKHLHSAGIIHRDLKPSNIVVKSDCTLKILDFGLARTAGTSFMMTPYVVTRYYRAPEVILGMGYKENVDIWSVGCIMGEMVRHKILFPGRSYIDQWNKVIEQLGTPCPEFMKKLQPTVRNYVENRPKYAGLTFPKLFPDSLFPADSEHNKLKASQARDLLSKMLVIDPVKRISVDDALQHPYINVWYDPAEVEAPPPQIYDKQLDEREHTIEEWKELIYKEVMNSEEKTKNGVVKSQPSPSGAAVNSSESLPPSSAVNDISSMSTDQTLASDTDSSLEASAGPLGCCR,0.0,0.791
O=C(O)CCCC[C@H]1CCSS1,MKKSRSVMTVMADDNVKDYFECSLSKSYSSSSNTLGIDLWRGRRCCSGNLQLPPLSQRQSERARTPEGDGISRPTTLPLTTLPSIAITTVSQECFDVENGPSPGRSPLDPQASSSAGLVLHATFPGHSQRRESFLYRSDSDYDLSPKAMSRNSSLPSEQHGDDLIVTPFAQVLASLRSVRNNFTILTNLHGTSNKRSPAASQPPVSRVNPQEESYQKLAMETLEELDWCLDQLETIQTYRSVSEMASNKFKRMLNRELTHLSEMSRSGNQVSEYISNTFLDKQNDVEIPSPTQKDREKKKKQQLMTQISGVKKLMHSSSLNNTSISRFGVNTENEDHLAKELEDLNKWGLNIFNVAGYSHNRPLTCIMYAIFQERDLLKTFRISSDTFITYMMTLEDHYHSDVAYHNSLHAADVAQSTHVLLSTPALDAVFTDLEILAAIFAAAIHDVDHPGVSNQFLINTNSELALMYNDESVLENHHLAVGFKLLQEEHCDIFMNLTKKQRQTLRKMVIDMVLATDMSKHMSLLADLKTMVETKKVTSSGVLLLDNYTDRIQVLRNMVHCADLSNPTKSLELYRQWTDRIMEEFFQQGDKERERGMEISPMCDKHTASVEKSQVGFIDYIVHPLWETWADLVQPDAQDILDTLEDNRNWYQSMIPQSPSPPLDEQNRDCQGLMEKFQFELTLDEEDSEGPEKEGEGHSYFSSTKTLCVIDPENRDSLGETDIDIATEDKSPVDT,0.0,0.79
O=C(O)CCCC[C@@H]1CCSS1,MEPSSKKLTGRLMLAVGGAVLGSLQFGYNTGVINAPQKVIEEFYNQTWVHRYGESILPTTLTTLWSLSVAIFSVGGMIGSFSVGLFVNRFGRRNSMLMMNLLAFVSAVLMGFSKLGKSFEMLILGRFIIGVYCGLTTGFVPMYVGEVSPTALRGALGTLHQLGIVVGILIAQVFGLDSIMGNKDLWPLLLSIIFIPALLQCIVLPFCPESPRFLLINRNEENRAKSVLKKLRGTADVTHDLQEMKEESRQMMREKKVTILELFRSPAYRQPILIAVVLQLSQQLSGINAVFYYSTSIFEKAGVQQPVYATIGSGIVNTAFTVVSLFVVERAGRRTLHLIGLAGMAGCAILMTIALALLEQLPWMSYLSIVAIFGFVAFFEVGPGPIPWFIVAELFSQGPRPAAIAVAGFSNWTSNFIVGMCFQYVEQLCGPYVFIIFTVLLVLFFIFTYFKVPETKGRTFDEIASGFRQGGASQSDKTPEELFHPLGADSQV,1.0,0.787
O=C(O)CCCC[C@@H]1CCSS1,MTMCSGARLALLVYGIIMHSSVYSSPAAAGLRFPGIRPEEEAYGEDGNPLPDFDGSEPPGAGSPASAPRAAAAWYRPAGRRDVAHGILNEAYRKVLDQLSAGKHLQSLVARGVGGSLGGGAGDDAEPLSKRHSDGIFTDSYSRYRKQMAVKKYLAAVLGKRYKQRVKNKGRRIAYL,0.0,0.787
O=C(O)CCCCC1CCSS1,MFKTTLCALLITASCSTFAAPQQINDIVHRTITPLIEQQKIPGMAVAVIYQGKPYYFTWGYADIAKKQPVTQQTLFELGSVSKTFTGVLGGDAIARGEIKLSDPTTKYWPELTAKQWNGITLLHLATYTAGGLPLQVPDEVKSSSDLLRFYQNWQPAWAPGTQRLYANSSIGLFGALAVKPSGLSFEQAMQTRVFQPLKLNHTWINVPPAEEKNYAWGYREGKAVHVSPGALDAEAYGVKSTIEDMARWVQSNLKPLDINEKTLQQGIQLAQSRYWQTGDMYQGLGWEMLDWPVNPDSIINGSDNKIALAARPVKAITPPTPAVRASWVHKTGATGGFGSYVAFIPEKELGIVMLANKNYPNPARVDAAWQILNALQ,1.0,0.785
O=C(O)CCCCC1CCSS1,MSGLGENLDPLASDSRKRKLPCDTPGQGLTCSGEKRRREQESKYIEELAELISANLSDIDNFNVKPDKCAILKETVRQIRQIKEQGKTISNDDDVQKADVSSTGQGVIDKDSLGPLLLQALDGFLFVVNRDGNIVFVSENVTQYLQYKQEDLVNTSVYNILHEEDRKDFLKNLPKSTVNGVSWTNETQRQKSHTFNCRMLMKTPHDILEDINASPEMRQRYETMQCFALSQPRAMMEEGEDLQSCMICVARRITTGERTFPSNPESFITRHDLSGKVVNIDTNSLRSSMRPGFEDIIRRCIQRFFSLNDGQSWSQKRHYQEAYLNGHAETPVYRFSLADGTIVTAQTKSKLFRNPVTNDRHGFVSTHFLQREQNGYRPNPNPVGQGIRPPMAGCNSSVGGMSMSPNQGLQMPSSRAYGLADPSTTGQMSGARYGGSSNIASLTPGPGMQSPSSYQNNNYGLNMSSPPHGSPGLAPNQQNIMISPRNRGSPKIASHQFSPVAGVHSPMASSGNTGNHSFSSSSLSALQAISEGVGTSLLSTLSSPGPKLDNSPNMNITQPSKVSNQDSKSPLGFYCDQNPVESSMCQSNSRDHLSDKESKESSVEGAENQRGPLESKGHKKLLQLLTCSSDDRGHSSLTNSPLDSSCKESSVSVTSPSGVSSSTSGGVSSTSNMHGSLLQEKHRILHKLLQNGNSPAEVAKITAEATGKDTSSITSCGDGNVVKQEQLSPKKKENNALLRYLLDRDDPSDALSKELQPQVEGVDNKMSQCTSSTIPSSSQEKDPKIKTETSEEGSGDLDNLDAILGDLTSSDFYNNSISSNGSHLGTKQQVFQGTNSLGLKSSQSVQSIRPPYNRAVSLDSPVSVGSSPPVKNISAFPMLPKQPMLGGNPRMMDSQENYGSSMGGPNRNVTVTQTPSSGDWGLPNSKAGRMEPMNSNSMGRPGGDYNTSLPRPALGGSIPTLPLRSNSIPGARPVLQQQQQMLQMRPGEIPMGMGANPYGQAAASNQLGSWPDGMLSMEQVSHGTQNRPLLRNSLDDLVGPPSNLEGQSDERALLDQLHTLLSNTDATGLEEIDRALGIPELVNQGQALEPKQDAFQGQEAAVMMDQKAGLYGQTYPAQGPPMQGGFHLQGQSPSFNSMMNQMNQQGNFPLQGMHPRANIMRPRTNTPKQLRMQLQQRLQGQQFLNQSRQALELKMENPTAGGAAVMRPMMQPQVSSQQGFLNAQMVAQRSRELLSHHFRQQRVAMMMQQQQQQQQQQQQQQQQQQQQQQQQQQQQQTQAFSPPPNVTASPSMDGLLAGPTMPQAPPQQFPYQPNYGMGQQPDPAFGRVSSPPNAMMSSRMGPSQNPMMQHPQAASIYQSSEMKGWPSGNLARNSSFSQQQFAHQGNPAVYSMVHMNGSSGHMGQMNMNPMPMSGMPMGPDQKYC,0.0,0.784
O=C(O)CCCC[C@@H]1CCSS1,MALPSLLLLVAALAGGVRPPGARNLTLAVVLPEHNLSYAWAWPRVGPAVALAVEALGRALPVDLRFVSSELEGACSEYLAPLSAVDLKLYHDPDLLLGPGCVYPAASVARFASHWRLPLLTAGAVASGFSAKNDHYRTLVRTGPSAPKLGEFVVTLHGHFNWTARAALLYLDARTDDRPHYFTIEGVFEALQGSNLSVQHQVYAREPGGPEQATHFIRANGRIVYICGPLEMLHEILLQAQRENLTNGDYVFFYLDVFGESLRAGPTRATGRPWQDNRTREQAQALREAFQTVLVITYREPPNPEYQEFQNRLLIRAREDFGVELGPSLMNLIAGCFYDGILLYAEVLNETIQEGGTREDGLRIVEKMQGRRYHGVTGLVVMDKNNDRETDFVLWAMGDLDSGDFQPAAHYSGAEKQIWWTGRPIPWVKGAPPSDNPPCAFDLDDPSCDKTPLSTLAIVALGTGITFIMFGVSSFLIFRKLMLEKELASMLWRIRWEELQFGNSERYHKGAGSRLTLSLRGSSYGSLMTAHGKYQIFANTGHFKGNVVAIKHVNKKRIELTRQVLFELKHMRDVQFNHLTRFIGACIDPPNICIVTEYCPRGSLQDILENDSINLDWMFRYSLINDLVKGMAFLHNSIISSHGSLKSSNCVVDSRFVLKITDYGLASFRSTAEPDDSHALYAKKLWTAPELLSGNPLPTTGMQKADVYSFGIILQEIALRSGPFYLEGLDLSPKEIVQKVRNGQRPYFRPSIDRTQLNEELVLLMERCWAQDPAERPDFGQIKGFIRRFNKEGGTSILDNLLLRMEQYANNLEKLVEERTQAYLEEKRKAEALLYQILPHSVAEQLKRGETVQAEAFDSVTIYFSDIVGFTALSAESTPMQVVTLLNDLYTCFDAIIDNFDVYKVETIGDAYMVVSGLPGRNGQRHAPEIARMALALLDAVSSFRIRHRPHDQLRLRIGVHTGPVCAGVVGLKMPRYCLFGDTVNTASRMESNGQALKIHVSSTTKDALDELGCFQLELRGDVEMKGKGKMRTYWLLGERKGPPGLL,0.0,0.78
O=C(O)CCCCC1CCSS1,MRVPEKYSTLPAEDRSVHIVNICAIEDLGYLPSEGTLLNSLSVDPDAECKYGLYFRDGKRKVDYILVYHHKRASGSRTLARRGLQNDMVLGTRSVRQDQPLPGKGSPVDAGSPEVPMDYHEDDKRFRREEYEGNLLEAGLELENDEDTKIHGVGFVKIHAPWHVLCREAEFLKLKMPTKKVYHISETRGLLKTINSVLQKITDPIQPKVAEHRPQTTKRLSYPFSREKQHLFDLTDRDSFFDSKTRSTIVYEILKRTTCTKAKYSMGITSLLANGVYSAAYPLHDGDYEGDNVEFNDRKLLYEEWASYGVFYKYQPIDLVRKYFGEKVGLYFAWLGAYTQMLIPASIVGVIVFLYGCATVDENIPSMEMCDQRYNITMCPLCDKTCSYWKMSSACATARASHLFDNPATVFFSVFMALWAATFMEHWKRKQMRLNYRWDLTGFEEEEEAVKDHPRAEYEARVLEKSLRKESRNKETDKVKLTWRDRFPAYFTNLVSIIFMIAVTFAIVLGVIIYRISTAAALAMNSSPSVRSNIRVTVTATAVIINLVVIILLDEVYGCIARWLTKIEVPKTEKSFEERLTFKAFLLKFVNSYTPIFYVAFFKGRFVGRPGDYVYIFRSFRMEECAPGGCLMELCIQLSIIMLGKQLIQNNLFEIGIPKMKKFIRYLKLRRQSPSDREEYVKRKQRYEVDFNLEPFAGLTPEYMEMIIQFGFVTLFVASFPLAPLFALLNNIIEIRLDAKKFVTELRRPVAIRAKDIGIWYNILRGVGKLAVIINAFVISFTSDFIPRLVYLYMYSQNGTMHGFVNHTLSSFNVSDFQNGTAPNDPLDLGYEVQICRYKDYREPPWSEHKYDISKDFWAVLAARLAFVIVFQNLVMFMSDFVDWVIPDIPKDISQQIHKEKVLMVELFMREEQGKQQLLDTWMEKEKPRDVPCNNHSPTTHPEAGDGSPVPSYEYHGDAL,0.0,0.78
O=C(O)CCCCC1CCSS1,MSGIALSRLAQERKAWRKDHPFGFVAVPTKNPDGTMNLMNWECAIPGKKGTPWEGGLFKLRMLFKDDYPSSPPKCKFEPPLFHPNVYPSGTVCLSILEEDKDWRPAITIKQILLGIQELLNEPNIQDPAQAEAYTIYCQNRVEYEKRVRAQAKKFAPS,1.0,0.771
O=C(O)CCCC[C@@H]1CCSS1,MTARGLALGLLLLLLCPAQVFSQSCVWYGECGIAYGDKRYNCEYSGPPKPLPKDGYDLVQELCPGFFFGNVSLCCDVRQLQTLKDNLQLPLQFLSRCPSCFYNLLNLFCELTCSPRQSQFLNVTATEDYVDPVTNQTKTNVKELQYYVGQSFANAMYNACRDVEAPSSNDKALGLLCGKDADACNATNWIEYMFNKDNGQAPFTITPVFSDFPVHGMEPMNNATKGCDESVDEVTAPCSCQDCSIVCGPKPQPPPPPAPWTILGLDAMYVIMWITYMAFLLVFFGAFFAVWCYRKRYFVSEYTPIDSNIAFSVNASDKGEASCCDPVSAAFEGCLRRLFTRWGSFCVRNPGCVIFFSLVFITACSSGLVFVRVTTNPVDLWSAPSSQARLEKEYFDQHFGPFFRTEQLIIRAPLTDKHIYQPYPSGADVPFGPPLDIQILHQVLDLQIAIENITASYDNETVTLQDICLAPLSPYNTNCTILSVLNYFQNSHSVLDHKKGDDFFVYADYHTHFLYCVRAPASLNDTSLLHDPCLGTFGGPVFPWLVLGGYDDQNYNNATALVITFPVNNYYNDTEKLQRAQAWEKEFINFVKNYKNPNLTISFTAERSIEDELNRESDSDVFTVVISYAIMFLYISLALGHMKSCRRLLVDSKVSLGIAGILIVLSSVACSLGVFSYIGLPLTLIVIEVIPFLVLAVGVDNIFILVQAYQRDERLQGETLDQQLGRVLGEVAPSMFLSSFSETVAFFLGALSVMPAVHTFSLFAGLAVFIDFLLQITCFVSLLGLDIKRQEKNRLDIFCCVRGAEDGTSVQASESCLFRFFKNSYSPLLLKDWMRPIVIAIFVGVLSFSIAVLNKVDIGLDQSLSMPDDSYMVDYFKSISQYLHAGPPVYFVLEEGHDYTSSKGQNMVCGGMGCNNDSLVQQIFNAAQLDNYTRIGFAPSSWIDDYFDWVKPQSSCCRVDNITDQFCNASVVDPACVRCRPLTPEGKQRPQGGDFMRFLPMFLSDNPNPKCGKGGHAAYSSAVNILLGHGTRVGATYFMTYHTVLQTSADFIDALKKARLIASNVTETMGINGSAYRVFPYSVFYVFYEQYLTIIDDTIFNLGVSLGAIFLVTMVLLGCELWSAVIMCATIAMVLVNMFGVMWLWGISLNAVSLVNLVMSCGISVEFCSHITRAFTVSMKGSRVERAEEALAHMGSSVFSGITLTKFGGIVVLAFAKSQIFQIFYFRMYLAMVLLGATHGLIFLPVLLSYIGPSVNKAKSCATEERYKGTERERLLNF,0.0,0.767
O=C(O)CCCCC1CCSS1,MVRFGDELGGRYGGPGGGERARGGGAGGAGGPGPGGLQPGQRVLYKQSIAQRARTMALYNPIPVKQNCFTVNRSLFVFSEDNVVRKYAKRITEWPPFEYMILATIIANCIVLALEQHLPDGDKTPMSERLDDTEPYFIGIFCFEAGIKIIALGFVFHKGSYLRNGWNVMDFVVVLTGILATAGTDFDLRTLRAVRVLRPLKLVSGIPSLQVVLKSIMKAMVPLLQIGLLLFFAILMFAIIGLEFYMGKFHKACFPNSTDAEPVGDFPCGKEAPARLCEGDTECREYWPGPNFGITNFDNILFAILTVFQCITMEGWTDILYNTNDAAGNTWNWLYFIPLIIIGSFFMLNLVLGVLSGEFAKERERVENRRAFLKLRRQQQIERELNGYLEWIFKAEEVMLAEEDRNAEEKSPLDVLKRAATKKSRNDLIHAEEGEDRFADLCAVGSPFARASLKSGKTESSSYFRRKEKMFRFFIRRMVKAQSFYWVVLCVVALNTLCVAMVHYNQPRRLTTTLYFAEFVFLGLFLTEMSLKMYGLGPRSYFRSSFNCFDFGVIVGSVFEVVWAAIKPGSSFGISVLRALRLLRIFKVTKYWSSLRNLVVSLLNSMKSIISLLFLLFLFIVVFALLGMQLFGGQFNFQDETPTTNFDTFPAAILTVFQILTGEDWNAVMYHGIESQGGVSKGMFSSFYFIVLTLFGNYTLLNVFLAIAVDNLANAQELTKDEEEMEEAANQKLALQKAKEVAEVSPMSAANISIAARQQNSAKARSVWEQRASQLRLQNLRASCEALYSEMDPEERLRFATTRHLRPDMKTHLDRPLVVELGRDGARGPVGGKARPEAAEAPEGVDPPRRHHRHRDKDKTPAAGDQDRAEAPKAESGEPGAREERPRPHRSHSKEAAGPPEARSERGRGPGPEGGRRHHRRGSPEEAAEREPRRHRAHRHQDPSKECAGAKGERRARHRGGPRAGPREAESGEEPARRHRARHKAQPAHEAVEKETTEKEATEKEAEIVEADKEKELRNHQPREPHCDLETSGTVTVGPMHTLPSTCLQKVEEQPEDADNQRNVTRMGSQPPDPNTIVHIPVMLTGPLGEATVVPSGNVDLESQAEGKKEVEADDVMRSGPRPIVPYSSMFCLSPTNLLRRFCHYIVTMRYFEVVILVVIALSSIALAAEDPVRTDSPRNNALKYLDYIFTGVFTFEMVIKMIDLGLLLHPGAYFRDLWNILDFIVVSGALVAFAFSGSKGKDINTIKSLRVLRVLRPLKTIKRLPKLKAVFDCVVNSLKNVLNILIVYMLFMFIFAVIAVQLFKGKFFYCTDESKELERDCRGQYLDYEKEEVEAQPRQWKKYDFHYDNVLWALLTLFTVSTGEGWPMVLKHSVDATYEEQGPSPGYRMELSIFYVVYFVVFPFFFVNIFVALIIITFQEQGDKVMSECSLEKNERACIDFAISAKPLTRYMPQNRQSFQYKTWTFVVSPPFEYFIMAMIALNTVVLMMKFYDAPYEYELMLKCLNIVFTSMFSMECVLKIIAFGVLNYFRDAWNVFDFVTVLGSITDILVTEIAETNNFINLSFLRLFRAARLIKLLRQGYTIRILLWTFVQSFKALPYVCLLIAMLFFIYAIIGMQVFGNIALDDDTSINRHNNFRTFLQALMLLFRSATGEAWHEIMLSCLSNQACDEQANATECGSDFAYFYFVSFIFLCSFLMLNLFVAVIMDNFEYLTRDSSILGPHHLDEFIRVWAEYDPAACGRISYNDMFEMLKHMSPPLGLGKKCPARVAYKRLVRMNMPISNEDMTVHFTSTLMALIRTALEIKLAPAGTKQHQCDAELRKEISVVWANLPQKTLDLLVPPHKPDEMTVGKVYAALMIFDFYKQNKTTRDQMQQAPGGLSQMGPVSLFHPLKATLEQTQPAVLRGARVFLRQKSSTSLSNGGAIQNQESGIKESVSWGTQRTQDAPHEARPPLERGHSTEIPVGRSGALAVDVQMQSITRRGPDGEPQPGLESQGRAASMPRLAAETQPVTDASPMKRSISTLAQRPRGTHLCSTTPDRPPPSQASSHHHHHRCHRRRDRKQRSLEKGPSLSADMDGAPSSAVGPGLPPGEGPTGCRRERERRQERGRSQERRQPSSSSSEKQRFYSCDRFGGREPPKPKPSLSSHPTSPTAGQEPGPHPQGSGSVNGSPLLSTSGASTPGRGGRRQLPQTPLTPRPSITYKTANSSPIHFAGAQTSLPAFSPGRLSRGLSEHNALLQRDPLSQPLAPGSRIGSDPYLGQRLDSEASVHALPEDTLTFEEAVATNSGRSSRTSYVSSLTSQSHPLRRVPNGYHCTLGLSSGGRARHSYHHPDQDHWC,1.0,0.762
O=C(O)CCCC[C@@H]1CCSS1,MSVGVSTSAPLSPTSGTSVGMSTFSIMDYVVFVLLLVLSLAIGLYHACRGWGRHTVGELLMADRKMGCLPVALSLLATFQSAVAILGVPSEIYRFGTQYWFLGCCYFLGLLIPAHIFIPVFYRLHLTSAYEYLELRFNKTVRVCGTVTFIFQMVIYMGVVLYAPSLALNAVTGFDLWLSVLALGIVCTVYTALGGLKAVIWTDVFQTLVMFLGQLAVIIVGSAKVGGLGRVWAVASQHGRISGFELDPDPFVRHTFWTLAFGGVFMMLSLYGVNQAQVQRYLSSRTEKAAVLSCYAVFPFQQVSLCVGCLIGLVMFAYYQEYPMSIQQAQAAPDQFVLYFVMDLLKGLPGLPGLFIACLFSGSLSTISSAFNSLATVTMEDLIRPWFPEFSEARAIMLSRGLAFGYGLLCLGMAYISSQMGPVLQAAISIFGMVGGPLLGLFCLGMFFPCANPPGAVVGLLAGLVMAFWIGIGSIVTSMGSSMPPSPSNGSSFSLPTNLTVATVTTLMPLTTFSKPTGLQRFYSLSYLWYSAHNSTTVIVVGLIVSLLTGRMRGRSLNPATIYPVLPKLLSLLPLSCQKRLHCRSYGQDHLDTGLFPEKPRNGVLGDSRDKEAMALDGTAYQGSSSTCILQETSL,1.0,0.762
O=C(O)CCC(=O)NC1CCCCCCC1,MTFPGDTAVLVLAAGPGTRMRSDTPKVLHTLAGRSMLSHVLHAIAKLAPQRLIVVLGHDHQRIAPLVGELADTLGRTIDVALQDRPLGTGHAVLCGLSALPDDYAGNVVVTSGDTPLLDADTLADLIATHRAVSAAVTVLTTTLDDPFGYGRILRTQDHEVMAIVEQTDATPSQREIREVNAGVYAFDIAALRSALSRLSSNNAQQELYLTDVIAILRSDGQTVHASHVDDSALVAGVNNRVQLAELASELNRRVVAAHQLAGVTVVDPATTWIDVDVTIGRDTVIHPGTQLLGRTQIGGRCVVGPDTTLTDVAVGDGASVVRTHGSSSSIGDGAAVGPFTYLRPGTALGADGKLGAFVEVKNSTIGTGTKVPHLTYVGDADIGEYSNIGASSVFVNYDGTSKRRTTVGSHVRTGSDTMFVAPVTIGDGAYTGAGTVVREDVPPGALAVSAGPQRNIENWVQRKRPGSPAAQASKRASEMACQQPTQPPDADQTP,0.0,0.503
O=C(O)CCC(=O)NC1CCCCC1,MKPHFRNTVERMYRDTFSYNFYNRPILSRRNTVWLCYEVKTKGPSRPRLDAKIFRGQVYSQPEHHAEMCFLSWFCGNQLPAYKCFQITWFVSWTPCPDCVAKLAEFLAEHPNVTLTISAARLYYYWERDYRRALCRLSQAGARVKIMDDEEFAYCWENFVYSEGQPFMPWYKFDDNYAFLHRTLKEILRNPMEAMYPHIFYFHFKNLRKAYGRNESWLCFTMEVVKHHSPVSWKRGVFRNQVDPETHCHAERCFLSWFCDDILSPNTNYEVTWYTSWSPCPECAGEVAEFLARHSNVNLTIFTARLYYFWDTDYQEGLRSLSQEGASVEIMGYKDFKYCWENFVYNDDEPFKPWKGLKYNFLFLDSKLQEILE,0.0,0.492
O=C(O)CCC(C(=O)O)N1C(=O)C2C3CCC(C3)C2C1=O,MSSNSDTGDLQESLKHGLTPIGAGLPDRHGSPIPARGRLVMLPKVETEALGLARSHGEQGQMPENMQVSQFKMVNYSYDEDLEELCPVCGDKVSGYHYGLLTCESCKGFFKRTVQNNKRYTCIENQNCQIDKTQRKRCPYCRFQKCLSVGMKLEAVRADRMRGGRNKFGPMYKRDRALKQQKKALIRANGLKLEAMSQVIQAMPSDLTISSAIQNIHSASKGLPLNHAALPPTDYDRSPFVTSPISMTMPPHGSLQGYQTYGHFPSRAIKSEYPDPYTSSPESIMGYSYMDSYQTSSPASIPHLILELLKCEPDEPQVQAKIMAYLQQEQANRSKHEKLSTFGLMCKMADQTLFSIVEWARSSIFFRELKVDDQMKLLQNCWSELLILDHIYRQVVHGKEGSIFLVTGQQVDYSIIASQAGATLNNLMSHAQELVAKLRSLQFDQREFVCLKFLVLFSLDVKNLENFQLVEGVQEQVNAALLDYTMCNYPQQTEKFGQLLLRLPEIRAISMQAEEYLYYKHLNGDVPYNNLLIEMLHAKRA,0.0,0.487
O=C(O)CCCO,MAPKRVVQLSLKMPTHAVCVVGVEAHVDIHSDVPKGANSFRVSGSSGVEVFMVYNRTRVKEPIGKARWPLDTDADMVVSVGTASKELKDFKVRVSYFGEQEDQALGRSVLYLTGVDISLEVDTGRTGKVKRSQGDKKTWRWGPEGYGAILLVNCDRDNHRSAEPDLTHSWLMSLADLQDMSPMLLSCNGPDKLFDSHKLVLNVPFSDSKRVRVFCARGGNSLSDYKQVLGPQCLSYEVERQPGEQEIKFYVEGLTFPDADFLGLVSLSVSLVDPGTLPEVTLFTDTVGFRMAPWIMTPNTQPPEELYVCRVMDTHGSNEKFLEDMSYLTLKANCKLTICPQVENRNDRWIQDEMEFGYIEAPHKSFPVVFDSPRNRGLKDFPYKRILGPDFGYVTREIPLPGPSSLDSFGNLDVSPPVTVGGTEYPLGRILIGSSFPKSGGRQMARAVRNFLKAQQVQAPVELYSDWLSVGHVDEFLTFVPTSDQKGFRLLLASPSACLKLFQEKKEEGYGEAAQFDGLKHQAKRSINEMLADRHLQRDNLHAQKCIDWNRNVLKRELGLAESDIVDIPQLFFLKNFYAEAFFPDMVNMVVLGKYLGIPKPYGPIINGRCCLEEKVQSLLEPLGLHCIFIDDYLSYHELQGEIHCGTNVRRKPFPFKWWNMVP,0.0,0.487
O=C(O)CCCC(=O)N1CCCC1,MVSRYVPDMGDLIWVDFDPTKGSEQAGHRPAVVLSPFMYNNKTGMCLCVPCTTQSKGYPFEVVLSGQERDGVALADQVKSIAWRARGATKKGTVAPEELQLIKAKINVLIG,0.0,0.482
O=C(O)CCCC(=O)N1CCCC1,MAYAYLFKYIIIGDTGVGKSCLLLQFTDKRFQPVHDLTIGVEFGARMITIDGKQIKLQIWDTAGQESFRSITRSYYRGAAGALLVYDITRRDTFNHLTTWLEDARQHSNSNMVIMLIGNKSDLESRREVKKEEGEAFAREHGLIFMETSAKTASNVEEAFINTAKEIYEKIQEGVFDINNEANGIKIGPQHAATNATHAGNQGGQQAGGGCC,0.0,0.481
O=C(O)CCC(=O)NC1CCCCCCC1,MTDCEFGYIYRLAQDYLQCVLQIPQPGSGPSKTSRVLQNVAFSVQKEVEKNLKSCLDNVNVVSVDTARTLFNQVMEKEFEDGIINWGRIVTIFAFEGILIKKLLRQQIAPDVDTYKEISYFVAEFIMNNTGEWIRQNGGWENGFVKKFEPKSGWMTFLEVTGKICEMLSLLKQYC,0.0,0.479
O=C(O)CCC(=O)NC1CCCCCCC1,MPARTAPARVPTLAVPAISLPDDVRRRLKDLERDSLTEKECVKEKLNLLHEFLQTEIKNQLCDLETKLRKEELSEEGYLAKVKSLLNKDLSLENGAHAYNREVNGRLENGNQARSEARRVGMADANSPPKPLSKPRTPRRSKSDGEAKPEPSPSPRITRKSTRQTTITSHFAKGPAKRKPQEESERAKSDESIKEEDKDQDEKRRRVTSRERVARPLPAEEPERAKSGTRTEKEEERDEKEEKRLRSQTKEPTPKQKLKEEPDREARAGVQADEDEDGDEKDEKKHRSQPKDLAAKRRPEEKEPEKVNPQISDEKDEDEKEEKRRKTTPKEPTEKKMARAKTVMNSKTHPPKCIQCGQYLDDPDLKYGQHPPDAVDEPQMLTNEKLSIFDANESGFESYEALPQHKLTCFSVYCKHGHLCPIDTGLIEKNIELFFSGSAKPIYDDDPSLEGGVNGKNLGPINEWWITGFDGGEKALIGFSTSFAEYILMDPSPEYAPIFGLMQEKIYISKIVVEFLQSNSDSTYEDLINKIETTVPPSGLNLNRFTEDSLLRHAQFVVEQVESYDEAGDSDEQPIFLTPCMRDLIKLAGVTLGQRRAQARRQTIRHSTREKDRGPTKATTTKLVYQIFDTFFAEQIEKDDREDKENAFKRRRCGVCEVCQQPECGKCKACKDMVKFGGSGRSKQACQERRCPNMAMKEADDDEEVDDNIPEMPSPKKMHQGKKKKQNKNRISWVGEAVKTDGKKSYYKKVCIDAETLEVGDCVSVIPDDSSKPLYLARVTALWEDSSNGQMFHAHWFCAGTDTVLGATSDPLELFLVDECEDMQLSYIHSKVKVIYKAPSENWAMEGGMDPESLLEGDDGKTYFYQLWYDQDYARFESPPKTQPTEDNKFKFCVSCARLAEMRQKEIPRVLEQLEDLDSRVLYYSATKNGILYRVGDGVYLPPEAFTFNIKLSSPVKRPRKEPVDEDLYPEHYRKYSDYIKGSNLDAPEPYRIGRIKEIFCPKKSNGRPNETDIKIRVNKFYRPENTHKSTPASYHADINLLYWSDEEAVVDFKAVQGRCTVEYGEDLPECVQVYSMGGPNRFYFLEAYNAKSKSFEDPPNHARSPGNKGKGKGKGKGKPKSQACEPSEPEIEIKLPKLRTLDVFSGCGGLSEGFHQAGISDTLWAIEMWDPAAQAFRLNNPGSTVFTEDCNILLKLVMAGETTNSRGQRLPQKGDVEMLCGGPPCQGFSGMNRFNSRTYSKFKNSLVVSFLSYCDYYRPRFFLLENVRNFVSFKRSMVLKLTLRCLVRMGYQCTFGVLQAGQYGVAQTRRRAIILAAAPGEKLPLFPEPLHVFAPRACQLSVVVDDKKFVSNITRLSSGPFRTITVRDTMSDLPEVRNGASALEISYNGEPQSWFQRQLRGAQYQPILRDHICKDMSALVAARMRHIPLAPGSDWRDLPNIEVRLSDGTMARKLRYTHHDRKNGRSSSGALRGVCSCVEAGKACDPAARQFNTLIPWCLPHTGNRHNHWAGLYGRLEWDGFFSTTVTNPEPMGKQGRVLHPEQHRVVSVRECARSQGFPDTYRLFGNILDKHRQVGNAVPPPLAKAIGLEIKLCMLAKARESASAKIKEEEAAKD,0.0,0.478
O=C(O)CCC(=O)NC1CCCCC1,MKNYLSIGVIALLFALTFGTVKSVQAIAGYGWLPDRPPINNSQLVVSMAGIVEGTDKKVFINFFEIDLTSQPAHGGKTEQGLSPKSKPFATDNGAMPHKLEKADLLKAIQKQLIANVHSNDGYFEVIDFASDATITDRNGKVYFADKDGSVTLPTQPVQEFLLKGHVRVRPYKEKPVQNQAKSVDVEYTVQFTPLNPDDDFRPGLKDTKLLKTLAIGDTITSQELLAQAQSILNKTHPGYTIYERDSSIVTHDNDIFRTILPMDQEFTYHVKNREQAYEINPKTGIKEKTNNTDLVSEKYYVLKQGEKPYDPFDRSHLKLFTIKYVDVNTNELLKSEQLLTASERNLDFRDLYDPRDKAKLLYNNLDAFDIMDYTLTGKVEDNHDKNNRVVTVYMGKRPKGAKGSYHLAYDKDLYTEEERKAYSYLRDTGTPIPDNPKDK,0.0,0.478
O=C(O)CCCC(=O)N1CCCC1,MTQTPDREKALELAVAQIEKSYGKGSVMRLGDEARQPISVIPTGSIALDVALGIGGLPRGRVIEIYGPESSGKTTVALHAVANAQAAGGVAAFIDAEHALDPDYAKKLGVDTDSLLVSQPDTGEQALEIADMLIRSGALDIVVIDSVAALVPRAELEGEMGDSHVGLQARLMSQALRKMTGALNNSGTTAIFINQLRDKIGVMFGSPETTTGGKALKFYASVRMDVRRVETLKDGTNAVGNRTRVKVVKNKCLAEGTRIFDPVTGTTHRIEDVVDGRKPIHVVAAAKDGTLHARPVVSWFDQGTRDVIGLRIAGGAIVWATPDHKVLTEYGWRAAGELRKGDRVAQPRRFDGFGDSAPIPADHARLLGYLIGDGRDGWVGGKTPINFINVQRALIDDVTRIAATLGCAAHPQGRISLAIAHRPGERNGVADLCQQAGIYGKLAWEKTIPNWFFEPDIAADIVGNLLFGLFESDGWVSREQTGALRVGYTTTSEQLAHQIHWLLLRFGVGSTVRDYDPTQKRPSIVNGRRIQSKRQVFEVRISGMDNVTAFAESVPMWGPRGAALIQAIPEATQGRRRGSQATYLAAEMTDAVLNYLDERGVTAQEAAAMIGVASGDPRGGMKQVLGASRLRRDRVQALADALDDKFLHDMLAEELRYSVIREVLPTRRARTFDLEVEELHTLVAEGVVVHNCSPPFKQAEFDILYGKGISREGSLIDMGVDQGLIRKSGAWFTYEGEQLGQGKENARNFLVENADVADEIEKKIKEKLGIGAVVTDDPSNDGVLPAPVDF,0.0,0.478
O=C(O)CCC(=O)NC1CCCCC1,MSSNSDTGDLQESLKHGLTPIGAGLPDRHGSPIPARGRLVMLPKVETEALGLARSHGEQGQMPENMQVSQFKMVNYSYDEDLEELCPVCGDKVSGYHYGLLTCESCKGFFKRTVQNNKRYTCIENQNCQIDKTQRKRCPYCRFQKCLSVGMKLEAVRADRMRGGRNKFGPMYKRDRALKQQKKALIRANGLKLEAMSQVIQAMPSDLTISSAIQNIHSASKGLPLNHAALPPTDYDRSPFVTSPISMTMPPHGSLQGYQTYGHFPSRAIKSEYPDPYTSSPESIMGYSYMDSYQTSSPASIPHLILELLKCEPDEPQVQAKIMAYLQQEQANRSKHEKLSTFGLMCKMADQTLFSIVEWARSSIFFRELKVDDQMKLLQNCWSELLILDHIYRQVVHGKEGSIFLVTGQQVDYSIIASQAGATLNNLMSHAQELVAKLRSLQFDQREFVCLKFLVLFSLDVKNLENFQLVEGVQEQVNAALLDYTMCNYPQQTEKFGQLLLRLPEIRAISMQAEEYLYYKHLNGDVPYNNLLIEMLHAKRA,0.0,0.477
O=C(O)CCN(O)C(=O)CCCCCCCCC1CC1,MAGAAAAVAAGAAAGAAAAAVSVAAPGRASAPPPPPPVYCVCRQPYDVNRFMIECDICKDWFHGSCVGVEEHHAVDIDLYHCPNCAVLHGSSLMKKRRNWHRHDYTEIDDGSKPVQAGTRTFIKELRSRVFPSADEIIIKMHGSQLTQRYLEKHGFDVPIMVPKLDDLGLRLPSPTFSVMDVERYVGGDKVIDVIDVARQADSKMTLHNYVKYFMNPNRPKVLNVISLEFSDTKMSELVEVPDIAKKLSWVENYWPDDSVFPKPFVQKYCLMGVQDSYTDFHIDFGGTSVWYHVLWGEKIFYLIKPTDENLARYESWSSSVTQSEVFFGDKVDKCYKCVVKQGHTLFVPTGWIHAVLTSQDCMAFGGNFLHNLNIGMQLRCYEMEKRLKTPDLFKFPFFEAICWFVAKNLLETLKELREDGFQPQTYLVQGVKALHTALKLWMKKELVSEHAFEIPDNVRPGHLIKELSKVIRAIEEENGKPVKSQGIPIVCPVSRSSNEATSPYHSRRKMRKLRDHNVRTPSNLDILELHTREVLKRLEMCPWEEDILSSKLNGKFNKHLQPSSTVPEWRAKDNDLRLLLTNGRIIKDERQPFADQSLYTADSENEEDKRRTKKAKMKIEESSGVEGVEHEESQKPLNGFFTRVKSELRSRSSGYSDISESEDSGPECTALKSIFTTEESESSGDEKKQEITSNFKEESNVMRNFLQKSQKPSRSEIPIKRECPTSTSTEEEAIQGMLSMAGLHYSTCLQRQIQSTDCSGERNSLQDPSSCHGSNHEVRQLYRYDKPVECGYHVKTEDPDLRTSSWIKQFDTSRFHPQDLSRSQKCIRKEGSSEISQRVQSRNYVDSSGSSLQNGKYMQNSNLTSGACQISNGSLSPERPVGETSFSVPLHPTKRPASNPPPISNQATKGKRPKKGMATAKQRLGKILKLNRNGHARFFV,1.0,0.477
O=C(O)CCCCCN1C(=O)CSC1=S,MKPHFRNTVERMYRDTFSYNFYNRPILSRRNTVWLCYEVKTKGPSRPPLDAKIFRGQVYSELKYHPEMRFFHWFSKWRKLHRDQEYEVTWYISWSPCTKCTRDMATFLAEDPKVTLTIFVARLYYFWDPDYQEALRSLCQKRDGPRATMKIMNYDEFQHCWSKFVYSQRELFEPWNNLPKYYILLHIMLGEILRHSMDPPTFTFNFNNEPWVRGRHETYLCYEVERMHNDTWVLLNQRRGFLCNQAPHKHGFLEGRHAELCFLDVIPFWKLDLDQDYRVTCFTSWSPCFSCAQEMAKFISKNKHVSLCIFTARIYDDQGRCQEGLRTLAEAGAKISIMTYSEFKHCWDTFVDHQGCPFQPWDGLDEHSQDLSGRLRAILQNQEN,0.0,0.475
O=C(O)CCC(C(=O)O)N1C(=O)C2C3CCC(C3)C2C1=O,MWIQVRTMDGRQTHTVDSLSRLTKVEELRRKIQELFHVEPGLQRLFYRGKQMEDGHTLFDYEVRLNDTIQLLVRQSLVLPHSTKERDSELSDTDSGCCLGQSESDKSSTHGEAAAETDSRPADEDMWDETELGLYKVNEYVDARDTNMGAWFEAQVVRVTRKAPSRDEPCSSTSRPALEEDVIYHVKYDDYPENGVVQMNSRDVRARARTIIKWQDLEVGQVVMLNYNPDNPKERGFWYDAEISRKRETRTARELYANVVLGDDSLNDCRIIFVDEVFKIERPGEGSPMVDNPMRRKSGPSCKHCKDDVNRLCRVCACHLCGGRQDPDKQLMCDECDMAFHIYCLDPPLSSVPSEDEWYCPECRNDASEVVLAGERLRESKKKAKMASATSSSQRDWGKGMACVGRTKECTIVPSNHYGPIPGIPVGTMWRFRVQVSESGVHRPHVAGIHGRSNDGAYSLVLAGGYEDDVDHGNFFTYTGSGGRDLSGNKRTAEQSCDQKLTNTNRALALNCFAPINDQEGAEAKDWRSGKPVRVVRNVKGGKNSKYAPAEGNRYDGIYKVVKYWPEKGKSGFLVWRYLLRRDDDEPGPWTKEGKDRIKKLGLTMQYPEGYLEALANREREKENSKREEEEQQEGGFASPRTGKGKWKRKSAGGGPSRAGSPRRTSKKTKVEPYSLTAQQSSLIREDKSNAKLWNEVLASLKDRPASGSPFQLFLSKVEETFQCICCQELVFRPITTVCQHNVCKDCLDRSFRAQVFSCPACRYDLGRSYAMQVNQPLQTVLNQLFPGYGNGR,0.0,0.475
O=C(O)CCC(=O)NC1CCCCC1,MSGEENPASKPTPVQDVQGDGRWMSLHHRFVADSKDKEPEVVFIGDSLVQLMHQCEIWRELFSPLHALNFGIGGDGTQHVLWRLENGELEHIRPKIVVVWVGTNNHGHTAEQVTGGIKAIVQLVNERQPQARVVVLGLLPRGQHPNPLREKNRQVNELVRAALAGHPRAHFLDADPGFVHSDGTISHHDMYDYLHLSRLGYTPVCRALHSLLLRLLAQDQGQGAPLLEPAP,0.0,0.475
O=C(O)CCCCCN1C(=O)C2CCCCC2C1=O,MTFPGDTAVLVLAAGPGTRMRSDTPKVLHTLAGRSMLSHVLHAIAKLAPQRLIVVLGHDHQRIAPLVGELADTLGRTIDVALQDRPLGTGHAVLCGLSALPDDYAGNVVVTSGDTPLLDADTLADLIATHRAVSAAVTVLTTTLDDPFGYGRILRTQDHEVMAIVEQTDATPSQREIREVNAGVYAFDIAALRSALSRLSSNNAQQELYLTDVIAILRSDGQTVHASHVDDSALVAGVNNRVQLAELASELNRRVVAAHQLAGVTVVDPATTWIDVDVTIGRDTVIHPGTQLLGRTQIGGRCVVGPDTTLTDVAVGDGASVVRTHGSSSSIGDGAAVGPFTYLRPGTALGADGKLGAFVEVKNSTIGTGTKVPHLTYVGDADIGEYSNIGASSVFVNYDGTSKRRTTVGSHVRTGSDTMFVAPVTIGDGAYTGAGTVVREDVPPGALAVSAGPQRNIENWVQRKRPGSPAAQASKRASEMACQQPTQPPDADQTP,0.0,0.47
O=C(O)CCC(=O)NC1CCCCCCC1,MRTLNTSAMDGTGLVVERDFSVRILTACFLSLLILSTLLGNTLVCAAVIRFRHLRSKVTNFFVISLAVSDLLVAVLVMPWKAVAEIAGFWPFGSFCNIWVAFDIMCSTASILNLCVISVDRYWAISSPFRYERKMTPKAAFILISVAWTLSVLISFIPVQLSWHKAKPTSPSDGNATSLAETIDNCDSSLSRTYAISSSVISFYIPVAIMIVTYTRIYRIAQKQIRRIAALERAAVHAKNCQTTTGNGKPVECSQPESSFKMSFKRETKVLKTLSVIMGVFVCCWLPFFILNCILPFCGSGETQPFCIDSNTFDVFVWFGWANSSLNPIIYAFNADFRKAFSTLLGCYRLCPATNNAIETVSINNNGAAMFSSHHEPRGSISKECNLVYLIPHAVGSSEDLKKEEAAGIARPLEKLSPALSVILDYDTDVSLEKIQPITQNGQHPT,0.0,0.47
O=C(O)CCCCO,MEDRLHMDNGLVPQKIVSVHLQDSTLKEVKDQVSNKQAQILEPKPEPSLEIKPEQDGMEHVGRDDPKALGEEPKQRRGSASGSEPAGDSDRGGGPVEHYHLHLSSCHECLELENSTIESVKFASAENIPDLPYDYSSSLESVADETSPEREGRRVNLTGKAPNILLYVGSDSQEALGRFHEVRSVLADCVDIDSYILYHLLEDSALRDPWTDNCLLLVIATRESIPEDLYQKFMAYLSQGGKVLGLSSSFTFGGFQVTSKGALHKTVQNLVFSKADQSEVKLSVLSSGCRYQEGPVRLSPGRLQGHLENEDKDRMIVHVPFGTRGGEAVLCQVHLELPPSSNIVQTPEDFNLLKSSNFRRYEVLREILTTLGLSCDMKQVPALTPLYLLSAAEEIRDPLMQWLGKHVDSEGEIKSGQLSLRFVSSYVSEVEITPSCIPVVTNMEAFSSEHFNLEIYRQNLQTKQLGKVILFAEVTPTTMRLLDGLMFQTPQEMGLIVIAARQTEGKGRGGNVWLSPVGCALSTLLISIPLRSQLGQRIPFVQHLMSVAVVEAVRSIPEYQDINLRVKWPNDIYYSDLMKIGGVLVNSTLMGETFYILIGCGFNVTNSNPTICINDLITEYNKQHKAELKPLRADYLIARVVTVLEKLIKEFQDKGPNSVLPLYYRYWVHSGQQVHLGSAEGPKVSIVGLDDSGFLQVHQEGGEVVTVHPDGNSFDMLRNLILPKRR,0.0,0.47
O=C(O)CCC(=O)NNC(=O)CCC1CCCCC1,MTFPGDTAVLVLAAGPGTRMRSDTPKVLHTLAGRSMLSHVLHAIAKLAPQRLIVVLGHDHQRIAPLVGELADTLGRTIDVALQDRPLGTGHAVLCGLSALPDDYAGNVVVTSGDTPLLDADTLADLIATHRAVSAAVTVLTTTLDDPFGYGRILRTQDHEVMAIVEQTDATPSQREIREVNAGVYAFDIAALRSALSRLSSNNAQQELYLTDVIAILRSDGQTVHASHVDDSALVAGVNNRVQLAELASELNRRVVAAHQLAGVTVVDPATTWIDVDVTIGRDTVIHPGTQLLGRTQIGGRCVVGPDTTLTDVAVGDGASVVRTHGSSSSIGDGAAVGPFTYLRPGTALGADGKLGAFVEVKNSTIGTGTKVPHLTYVGDADIGEYSNIGASSVFVNYDGTSKRRTTVGSHVRTGSDTMFVAPVTIGDGAYTGAGTVVREDVPPGALAVSAGPQRNIENWVQRKRPGSPAAQASKRASEMACQQPTQPPDADQTP,0.0,0.469
O=C(O)CCC(=O)NC1CCCCC1,MKVGWPGESCWQVGLAVEDSPALGAPRVGALPDVVPEGTLLNMVLRRMHRPRSCSYQLLLEHQRPSCIQGLRWTPLTNSEESLDFSESLEQASTERVLRAGRQLHRHLLATCPNLIRDRKYHLRLYRQCCSGRELVDGILALGLGVHSRSQVVGICQVLLDEGALCHVKHDWAFQDRDAQFYRFPGPEPEPVRTHEMEEELAEAVALLSQRGPDALLTVALRKPPGQRTDEELDLIFEELLHIKAVAHLSNSVKRELAAVLLFEPHSKAGTVLFSQGDKGTSWYIIWKGSVNVVTHGKGLVTTLHEGDDFGQLALVNDAPRAATIILREDNCHFLRVDKQDFNRIIKDVEAKTMRLEEHGKVVLVLERASQGAGPSRPPTPGRNRYTVMSGTPEKILELLLEAMGPDSSAHDPTETFLSDFLLTHRVFMPSAQLCAALLHHFHVEPAGGSEQERSTYVCNKRQQILRLVSQWVALYGSMLHTDPVATSFLQKLSDLVGRDTRLSNLLREQWPERRRCHRLENGCGNASPQMKARNLPVWLPNQDEPLPGSSCAIQVGDKVPYDICRPDHSVLTLQLPVTASVREVMAALAQEDGWTKGQVLVKVNSAGDAIGLQPDARGVATSLGLNERLFVVNPQEVHELIPHPDQLGPTVGSAEGLDLVSAKDLAGQLTDHDWSLFNSIHQVELIHYVLGPQHLRDVTTANLERFMRRFNELQYWVATELCLCPVPGPRAQLLRKFIKLAAHLKEQKNLNSFFAVMFGLSNSAISRLAHTWERLPHKVRKLYSALERLLDPSWNHRVYRLALAKLSPPVIPFMPLLLKDMTFIHEGNHTLVENLINFEKMRMMARAARMLHHCRSHNPVPLSPLRSRVSHLHEDSQVARISTCSEQSLSTRSPASTWAYVQQLKVIDNQRELSRLSRELEP,0.0,0.46799999999999997
O=C(O)CCC(C(=O)O)N1C(=O)C2C3CCC(C3)C2C1=O,MGRYRIRVATGAWLFSGSYNRVQLWLVGTRGEAELELQLRPARGEEEEFDHDVAEDLGLLQFVRLRKHHWLVDDAWFCDRITVQGPGACAEVAFPCYRWVQGEDILSLPEGTARLPGDNALDMFQKHREKELKDRQQIYCWATWKEGLPLTIAADRKDDLPPNMRFHEEKRLDFEWTLKAGALEMALKRVYTLLSSWNCLEDFDQIFWGQKSALAEKVRQCWQDDELFSYQFLNGANPMLLRRSTSLPSRLVLPSGMEELQAQLEKELQNGSLFEADFILLDGIPANVIRGEKQYLAAPLVMLKMEPNGKLQPMVIQIQPPNPSSPTPTLFLPSDPPLAWLLAKSWVRNSDFQLHEIQYHLLNTHLVAEVIAVATMRCLPGLHPIFKFLIPHIRYTMEINTRARTQLISDGGIFDKAVSTGGGGHVQLLRRAAAQLTYCSLCPPDDLADRGLLGLPGALYAHDALRLWEIIARYVEGIVHLFYQRDDIVKGDPELQAWCREITEVGLCQAQDRGFPVSFQSQSQLCHFLTMCVFTCTAQHAAINQGQLDWYAWVPNAPCTMRMPPPTTKEDVTMATVMGSLPDVRQACLQMAISWHLSRRQPDMVPLGHHKEKYFSGPKPKAVLNQFRTDLEKLEKEITARNEQLDWPYEYLKPSCIENSVTI,0.0,0.46799999999999997
O=C(O)CCC(=O)NC1CCCCC1,MSDVAIVKEGWLHKRGEYIKTWRPRYFLLKNDGTFIGYKERPQDVDQREAPLNNFSVAQCQLMKTERPRPNTFIIRCLQWTTVIERTFHVETPEEREEWTTAIQTVADGLKKQEEEEMDFRSGSPSDNSGAEEMEVSLAKPKHRVTMNEFEYLKLLGKGTFGKVILVKEKATGRYYAMKILKKEVIVAKDEVAHTLTENRVLQNSRHPFLTALKYSFQTHDRLCFVMEYANGGELFFHLSRERVFSEDRARFYGAEIVSALDYLHSEKNVVYRDLKLENLMLDKDGHIKITDFGLCKEGIKDGATMKTFCGTPEYLAPEVLEDNDYGRAVDWWGLGVVMYEMMCGRLPFYNQDHEKLFELILMEEIRFPRTLGPEAKSLLSGLLKKDPKQRLGGGSEDAKEIMQHRFFAGIVWQHVYEKKLSPPFKPQVTSETDTRYFDEEFTAQMITITPPDQDDSMECVDSERRPHFPQFSYSASGTA,0.0,0.46799999999999997
O=C(O)CN1C(=O)C2C3CCC(C3)C2C1=O,MKPHFRNTVERMYRDTFSYNFYNRPILSRRNTVWLCYEVKTKGPSRPPLDAKIFRGQVYSELKYHPEMRFFHWFSKWRKLHRDQEYEVTWYISWSPCTKCTRDMATFLAEDPKVTLTIFVARLYYFWDPDYQEALRSLCQKRDGPRATMKIMNYDEFQHCWSKFVYSQRELFEPWNNLPKYYILLHIMLGEILRHSMDPPTFTFNFNNEPWVRGRHETYLCYEVERMHNDTWVLLNQRRGFLCNQAPHKHGFLEGRHAELCFLDVIPFWKLDLDQDYRVTCFTSWSPCFSCAQEMAKFISKNKHVSLCIFTARIYDDQGRCQEGLRTLAEAGAKISIMTYSEFKHCWDTFVDHQGCPFQPWDGLDEHSQDLSGRLRAILQNQEN,0.0,0.46699999999999997
O=C(O)CCCN=CC1=C(O)CN=C1O,MDSSAVITQISKEEARGPLRGKGDQKSAASQKPRSRGILHSLFCCVCRDDGEALPAHSGAPLLVEENGAIPKQTPVQYLLPEAKAQDSDKICVVIDLDETLVHSSFKPVNNADFIIPVEIDGVVHQVYVLKRPHVDEFLQRMGELFECVLFTASLAKYADPVADLLDKWGAFRARLFRESCVFHRGNYVKDLSRLGRDLRRVLILDNSPASYVFHPDNAVPVASWFDNMSDTELHDLLPFFEQLSRVDDVYSVLRQPRPGS,0.0,0.46699999999999997
O=C(O)CCCN=CC1=C(O)CN=C1O,MQPMTARFDLFVVGSGFFGLTIAERVATQLDKRVLVLERRPHIGGNAYSEAEPQTGIEVHKYGAHLFHTSNKRVWDYVRQFTDFTDYRHRVFAMHNGQAYQFPMGLGLVSQFFGKYFTPEQARQLIAEQAAEIDTADAQNLEEKAISLIGRPLYEAFVKGYTAKQWQTDPKELPAANITRLPVRYTFDNRYFSDTYEGLPTDGYTAWLQNMAADHRIEVRLNTDWFDVRGQLRPGSPAAPVVYTGPLDRYFDYAEGRLGWRTLDFEVEVLPIGDFQGTAVMNYNDLDVPYTRIHEFRHFHPERDYPTDKTVIMREYSRFAEDDDEPYYPINTEADRALLATYRARAKSETASSKVLFGGRLGTYQYLDMHMAIASALNMYDNVLAPHLRDGVPLLQDGA,0.0,0.46599999999999997
O=C(O)CCC(=O)NC1CCCCC1,MMPFCHNIINISCVKNNWSNDVRASLYSLMVLIILTTLVGNLIVIVSISHFKQLHTPTNWLIHSMATVDFLLGCLVMPYSMVRSAEHCWYFGEVFCKIHTSTDIMLSSASIFHLSFISIDRYYAVCDPLRYKAKMNILVICVMIFISWSVPAVFAFGMIFLELNFKGAEEIYYKHVHCRGGCSVFFSKISGVLTFMTSFYIPGSIMLCVYYRIYLIAKEQARLISDANQKLQIGLEMKNGISQSKERKAVKTLGIVMGVFLICWCPFFICTVMDPFLHYIIPPTLNDVLIWFGYLNSTFNPMVYAFFYPWFRKALKMMLFGKIFQKDSSRCKLFLELSS,0.0,0.46599999999999997
O=C(O)CCC(=O)NC1CCCCCCC1,MDPFVVLVLCLSCLLLLSIWRQSSGRGKLPPGPTPLPVIGNILQIDIKDVSKSLTNLSKIYGPVFTLYFGLERMVVLHGYEVVKEALIDLGEEFSGRGHFPLAERANRGFGIVFSNGKRWKEIRRFSLMTLRNFGMGKRSIEDRVQEEARCLVEELRKTKASPCDPTFILGCAPCNVICSIIFQKRFDYKDQQFLNLMEKLNENIRIVSTPWIQICNNFPTIIDYFPGTHNKLLKNLAFMESDILEKVKEHQESMDINNPRDFIDCFLIKMEKEKQNQQSEFTIENLVITAADLLGAGTETTSTTLRYALLLLLKHPEVTAKVQEEIERVVGRNRSPCMQDRGHMPYTDAVVHEVQRYIDLIPTSLPHAVTCDVKFRNYLIPKGTTILTSLTSVLHDNKEFPNPEMFDPRHFLDEGGNFKKSNYFMPFSAGKRICVGEGLARMELFLFLTFILQNFNLKSLIDPKDLDTTPVVNGFASVPPFYQLCFIPV,0.0,0.46399999999999997
O=C(O)CCCO,MYNGSCCRIEGDTISQVMPPLLIVAFVLGALGNGVALCGFCFHMKTWKPSTVYLFNLAVADFLLMICLPFRTDYYLRRRHWAFGDIPCRVGLFTLAMNRAGSIVFLTVVAADRYFKVVHPHHAVNTISTRVAAGIVCTLWALVILGTVYLLLENHLCVQETAVSCESFIMESANGWHDIMFQLEFFMPLGIILFCSFKIVWSLRRRQQLARQARMKKATRFIMVVAIVFITCYLPSVSARLYFLWTVPSSACDPSVHGALHITLSFTYMNSMLDPLVYYFSSPSFPKFYNKLKICSLKPKQPGHSKTQRPEEMPISNLGRRSCISVANSFQSQSDGQWDPHIVEWH,1.0,0.46399999999999997
O=C(O)CCC(C(=O)O)N1C(=O)C2C3CCC(C3)C2C1=O,MPVRRGHVAPQNTFLDTIIRKFEGQSRKFIIANARVENCAVIYCNDGFCELCGYSRAEVMQRPCTCDFLHGPRTQRRAAAQIAQALLGAEERKVEIAFYRKDGSCFLCLVDVVPVKNEDGAVIMFILNFEVVMEKDMVGSPAHDTNHRGPPTSWLAPGRAKTFRLKLPALLALTARESSVRSGGAGGAGAPGAVVVDVDLTPAAPSSESLALDEVTAMDNHVAGLGPAEERRALVGPGSPPRSAPGQLPSPRAHSLNPDASGSSCSLARTRSRESCASVRRASSADDIEAMRAGVLPPPPRHASTGAMHPLRSGLLNSTSDSDLVRYRTISKIPQITLNFVDLKGDPFLASPTSDREIIAPKIKERTHNVTEKVTQVLSLGADVLPEYKLQAPRIHRWTILHYSPFKAVWDWLILLLVIYTAVFTPYSAAFLLKETEEGPPATECGYACQPLAVVDLIVDIMFIVDILINFRTTYVNANEEVVSHPGRIAVHYFKGWFLIDMVAAIPFDLLIFGSGSEELIGLLKTARLLRLVRVARKLDRYSEYGAAVLFLLMCTFALIAHWLACIWYAIGNMEQPHMDSRIGWLHNLGDQIGKPYNSSGLGGPSIKDKYVTALYFTFSSLTSVGFGNVSPNTNSEKIFSICVMLIGSLMYASIFGNVSAIIQRLYSGTARYHTQMLRVREFIRFHQIPNPLRQRLEEYFQHAWSYTNGIDMNAVLKGFPECLQADICLHLNRSLLQHCKPFRGATKGCLRALAMKFKTTHAPPGDTLVHAGDLLTALYFISRGSIEILRGDVVVAILGKNDIFGEPLNLYARPGKSNGDVRALTYCDLHKIHRDDLLEVLDMYPEFSDHFWSSLEITFNLRDTNMIPGSPGSTELEGGFSRQRKRKLSFRRRTDKDTEQPGEVSALGPGRAGAGPSSRGRPGGPWGESPSSGPSSPESSEDEGPGRSSSPLRLVPFSSPRPPGEPPGGEPLMEDCEKSSDTCNPLSGAFSGVSNIFSFWGDSRGRQYQELPRCPAPTPSLLNIPLSSPGRRPRGDVESRLDALQRQLNRLETRLSADMATVLQLLQRQMTLVPPAYSAVTTPGPGPTSTSPLLPVSPLPTLTLDSLSQVSQFMACEELPPGAPELPQEGPTRRLSLPGQLGALTSQPLHRHGSDPGS,0.0,0.46399999999999997
O=C(O)CCc1ccc(-c2ccc(F)cc2)n1CCC(=O)O,MQLQRLGAPLLKRLVGGCIRQSTAPIMPCVVVSGSGVFLTPVRTYMPLPNDQSDFSPYIEIDLPSESRIQSLHKSGLAAQEWVACEKVHGTNFGIYLINQGDHEVVRFAKRSGIMDPNENFFGYHILIDEFTAQIRILNDLLKQKYGLSRVGRLVLNGELFGAKYKHPLVPKSEKWCTLPNGKKFPIAGVQIQREPFPQYSPELHFFAFDIKYSVSGAEEDFVLLGYDEFVEFSSKVPNLLYARALVRGTLDECLAFDVENFMTPLPALLGLGNYPLEGNLAEGVVIRHVRRGDPAVEKHNVSTIIKLRCSSFMELKHPGKQKELKETFIDTVRSGALRRVRGNVTVISDSMLPQVEAAANDLLLNNVSDGRLSNVLSKIGREPLLSGEVSQVDVVLMLAKDALKDFLKEVDSLVLNTTLAFRKLLITNVYFESKRLVEQKWKELMQEEAAAQSEAIPPLSPAAPTKGE,1.0,0.46199999999999997
O=C(O)CCC(=O)N1CCCC1,MGCTLSAEDKAAVERSKMIDRNLREDGEKAAREVKLLLLGAGESGKSTIVKQMKIIHEAGYSEEECKQYKAVVYSNTIQSIIAIIRAMGRLKIDFGDSARADDARQLFVLAGAAEEGFMTAELAGVIKRLWKDSGVQACFNRSREYQLNDSAAYYLNDLDRIAQPNYIPTQQDVLRTRVKTTGIVETHFTFKDLHFKMFDVGGQRSERKKWIHCFEGVTAIIFCVALSDYDLVLAEDEEMNRMHESMKLFDSICNNKWFTDTSIILFLNKKDLFEEKIKKSPLTICYPEYAGSNTYEEAAAYIQCQFEDLNKRKDTKEIYTHFTCATDTKNVQFVFDAVTDVIIKNNLKDCGLF,0.0,0.46199999999999997
O=C(O)CCc1ccc(-c2ccc(F)cc2)n1CCC(=O)O,MQLQRLGAPLLKRLVGGCIRQSTAPIMPCVVVSGSGVFLTPVRTYMPLPNDQSDFSPYIEIDLPSESRIQSLHKSGLAAQEWVACEKVHGTNFGIYLINQGDHEVVRFAKRSGIMDPNENFFGYHILIDEFTAQIRILNDLLKQKYGLSRVGRLVLNGELFGAKYKHPLVPKSEKWCTLPNGKKFPIAGVQIQREPFPQYSPELHFFAFDIKYSVSGAEEDFVLLGYDEFVEFSSKVPNLLYARALVRGTLDECLAFDVENFMTPLPALLGLGNYPLEGNLAEGVVIRHVRRGDPAVEKHNVSTIIKLRCSSFMELKHPGKQKELKETFIDTVRSGALRRVRGNVTVISDSMLPQVEAAANDLLLNNVSDGRLSNVLSKIGREPLLSGEVSQVDVVLMLAKDALKDFLKEVDSLVLNTTLAFRKLLITNVYFESKRLVEQKWKELMQEEAAAQSEAIPPLSPAAPTKGE,0.0,0.46199999999999997
O=C(O)CCC(=O)NC1CCCCCCC1,PPPNPEGTRQARRNRRRRWRERQRQIRSIGAWILSTYLGRSAEPVPLQLPPLERLTLDCEEDCGTSGTQGVGSPQVLVESPAVLEQGTKE,0.0,0.46199999999999997
O=C(O)CCC(=O)NC1CCCCCCC1,MGPTSVPLVKAHRSSVSDYVNYDIIVRHYNYTGKLNISADKENSIKLTSVVFILICCFIILENIFVLLTIWKTKKFHRPMYYFIGNLALSDLLAGVAYTANLLLSGATTYKLTPAQWFLREGSMFVALSASVFSLLAIAIERYITMLKMKLHNGSNNFRLFLLISACWVISLILGGLPIMGWNCISALSSCSTVLPLYHKHYILFCTTVFTLLLLSIVILYCRIYSLVRTRSRRLTFRKNISKASRSSEKSLALLKTVIIVLSVFIACWAPLFILLLLDVGCKVKTCDILFRAEYFLVLAVLNSGTNPIIYTLTNKEMRRAFIRIMSCCKCPSGDSAGKFKRPIIAGMEFSRSKSDNSSHPQKDEGDNPETIMSSGNVNSSS,0.0,0.46099999999999997
O=C(O)CCCCCNC(=O)NC1CCCCC1,MNINDLKLTLSKAGQEHLLRFWNELEEAQQVELYAELQAMNFEELNFFFQKAIEGFNQSSHQKNVDARMEPVPREVLGSATRDQDQLQAWESEGLFQISQNKVAVLLLAGGQGTRLGVAYPKGMYDVGLPSRKTLFQIQAERILKLQQVAEKYYGNKCIIPWYIMTSGRTMESTKEFFTKHKYFGLKKENVIFFQQGMLPAMSFDGKIILEEKNKVSMAPDGNGGLYRALAAQNIVEDMEQRGIWSIHVYCVDNILVKVADPRFIGFCIQKGADCGAKVVEKTNPTEPVGVVCRVDGVYQVVEYSEISLATAQKRSSDGRLLFNAGNIANHFFTVPFLRDVVNVYEPQLQHHVAQKKIPYVDTQGQLIKPDKPNGIKMEKFVFDIFQFAKKFVVYEVLREDEFSPLKNADSQNGKDNPTTARHALMSLHHCWVLNAGGHFIDENGSRLPAIPRSATNGKSETITADVNHNLKDANDVPIQCEISPLISYAGEGLESYVADKEFHAPLIIDENGVHELVKNGI,0.0,0.46099999999999997
O=C(O)CCCO,MIPAKDMAKVMIVMLAICFLTKSDGKSVKKRSVSEIQLMHNLGKHLNSMERVEWLRKKLQDVHNFVALGAPLAPRDAGSQRPRKKEDNVLVESHEKSLGEADKADVNVLTKAKSQ,0.0,0.45999999999999996
O=C(O)CCC(=O)NC1CCCCCCC1,MADLEAVLADVSYLMAMEKSKATPAARASKKILLPEPSIRSVMQKYLEDRGEVTFEKIFSQKLGYLLFRDFCLNHLEEARPLVEFYEEIKKYEKLETEEERVARSREIFDSYIMKELLACSHPFSKSATEHVQGHLGKKQVPPDLFQPYIEEICQNLRGDVFQKFIESDKFTRFCQWKNVELNIHLTMNDFSVHRIIGRGGFGEVYGCRKADTGKMYAMKCLDKKRIKMKQGETLALNERIMLSLVSTGDCPFIVCMSYAFHTPDKLSFILDLMNGGDLHYHLSQHGVFSEADMRFYAAEIILGLEHMHNRFVVYRDLKPANILLDEHGHVRISDLGLACDFSKKKPHASVGTHGYMAPEVLQKGVAYDSSADWFSLGCMLFKLLRGHSPFRQHKTKDKHEIDRMTLTMAVELPDSFSPELRSLLEGLLQRDVNRRLGCLGRGAQEVKESPFFRSLDWQMVFLQKYPPPLIPPRGEVNAADAFDIGSFDEEDTKGIKLLDSDQELYRNFPLTISERWQQEVAETVFDTINAETDRLEARKKAKNKQLGHEEDYALGKDCIMHGYMSKMGNPFLTQWQRRYFYLFPNRLEWRGEGEAPQSLLTMEEIQSVEETQIKERKCLLLKIRGGKQFILQCDSDPELVQWKKELRDAYREAQQLVQRVPKMKNKPRSPVVELSKVPLVQRGSANGL,1.0,0.45999999999999996
O=C(O)CCCO,MAAPTPARPVLTHLLVALFGMGSWAAVNGIWVELPVVVKELPEGWSLPSYVSVLVALGNLGLLVVTLWRRLAPGKDEQVPIRVVQVLGMVGTALLASLWHHVAPVAGQLHSVAFLALAFVLALACCASNVTFLPFLSHLPPRFLRSFFLGQGLSALLPCVLALVQGVGRLECPPAPINGTPGPPLDFLERFPASTFFWALTALLVASAAAFQGLLLLLPPPPSVPTGELGSGLQVGAPGAEEEVEESSPLQEPPSQAAGTTPGPDPKAYQLLSARSACLLGLLAATNALTNGVLPAVQSFSCLPYGRLAYHLAVVLGSAANPLACFLAMGVLCRSLAGLGGLSLLGVFCGGYLMALAVLSPCPPLVGTSAGVVLVVLSWVLCLGVFSYVKVAASSLLHGGGRPALLAAGVAIQVGSLLGAVAMFPPTSIYHVFHSRKDCADPCDS,1.0,0.45899999999999996
O=C(O)CCC(=O)N1CCCC1,MEASPASGPRHLMDPHIFTSNFNNGIGRHKTYLCYEVERLDNGTSVKMDQHRGFLHNQAKNLLCGFYGRHAELRFLDLVPSLQLDPAQIYRVTWFISWSPCFSWGCAGEVRAFLQENTHVRLRIFAARIYDYDPLYKEALQMLRDAGAQVSIMTYDEFKHCWDTFVDHQGCPFQPWDGLDEHSQALSGRLRAILQNQGN,0.0,0.45899999999999996
NC(=O)CCCCC1CCSS1,MTSGSVFFYILIFGKYFSHGGGQDVKCSLGYFPCGNITKCLPQLLHCNGVDDCGNQADEDNCGDNNGWSLQFDKYFASYYKMTSQYPFEAETPECLVGSVPVQCLCQGLELDCDETNLRAVPSVSSNVTAMSLQWNLIRKLPPDCFKNYHDLQKLYLQNNKITSISIYAFRGLNSLTKLYLSHNRITFLKPGVFEDLHRLEWLIIEDNHLSRISPPTFYGLNSLILLVLMNNVLTRLPDKPLCQHMPRLHWLDLEGNHIHNLRNLTFISCSNLTVLVMRKNKINHLNENTFAPLQKLDELDLGSNKIENLPPLIFKDLKELSQLNLSYNPIQKIQANQFDYLVKLKSLSLEGIEISNIQQRMFRPLMNLSHIYFKKFQYCGYAPHVRSCKPNTDGISSLENLLASIIQRVFVWVVSAVTCFGNIFVICMRPYIRSENKLYAMSIISLCCADCLMGIYLFVIGGFDLKFRGEYNKHAQLWMESTHCQLVGSLAILSTEVSVLLLTFLTLEKYICIVYPFRCVRPGKCRTITVLILIWITGFIVAFIPLSNKEFFKNYYGTNGVCFPLHSEDTESIGAQIYSVAIFLGINLAAFIIIVFSYGSMFYSVHQSAITATEIRNQVKKEMILAKRFFFIVFTDALCWIPIFVVKFLSLLQVEIPGTITSWVVIFILPINSALNPILYTLTTRPFKEMIHRFWYNYRQRKSMDSKGQKTYAPSFIWVEMWPLQEMPPELMKPDLFTYPCEMSLISQSTRLNSYS,1.0,0.45899999999999996
O=C(O)CCC(=O)NC1CCCCCCC1,MSAPPVLRPPSPLLPVAAAAAAAAAALVPGSGPGPAPFLAPVAAPVGGISFHLQIGLSREPVLLLQDSSGDYSLAHVREMACSIVDQKFPECGFYGMYDKILLFRHDPTSENILQLVKAASDIQEGDLIEVVLSASATFEDFQIRPHALFVHSYRAPAFCDHCGEMLWGLVRQGLKCEGCGLNYHKRCAFKIPNNCSGVRRRRLSNVSLTGVSTIRTSSAELSTSAPDEPLLQKSPSESFIGREKRSNSQSYIGRPIHLDKILMSKVKVPHTFVIHSYTRPTVCQYCKKLLKGLFRQGLQCKDCRFNCHKRCAPKVPNNCLGEVTINGDLLSPGAESDVVMEEGSDDNDSERNSGLMDDMEEAMVQDAEMAMAECQNDSGEMQDPDPDHEDANRTISPSTSNNIPLMRVVQSVKHTKRKSSTVMKEGWMVHYTSKDTLRKRHYWRLDSKCITLFQNDTGSRYYKEIPLSEILSLEPVKTSALIPNGANPHCFEITTANVVYYVGENVVNPSSPSPNNSVLTSGVGADVARMWEIAIQHALMPVIPKGSSVGTGTNLHRDISVSISVSNCQIQENVDISTVYQIFPDEVLGSGQFGIVYGGKHRKTGRDVAIKIIDKLRFPTKQESQLRNEVAILQNLHHPGVVNLECMFETPERVFVVMEKLHGDMLEMILSSEKGRLPEHITKFLITQILVALRHLHFKNIVHCDLKPENVLLASADPFPQVKLCDFGFARIIGEKSFRRSVVGTPAYLAPEVLRNKGYNRSLDMWSVGVIIYVSLSGTFPFNEDEDIHDQIQNAAFMYPPNPWKEISHEAIDLINNLLQVKMRKRYSVDKTLSHPWLQDYQTWLDLRELECKIGERYITHESDDLRWEKYAGEQGLQYPTHLINPSASHSDTPETEETEMKALGERVSIL,0.0,0.45799999999999996
O=C(O)CCCC[C@H]1SC[C@H]2N=C(O)N[C@H]21,MGFWILAILTILMYSTAAKFSKQSWGLENEALIVRCPRQGKPSYTVDWYYSQTNKSIPTQERNRVFASGQLLKFLPAAVADSGIYTCIVRSPTFNRTGYANVTIYKKQSDCNVPDYLMYSTVSGSEKNSKIYCPTIDLYNWTAPLEWFKNCQALQGSRYRAHKSFLVIDNVMTEDAGDYTCKFIHNENGANYSVTATRSFTVKDEQGFSLFPVIGAPAQNEIKEVEIGKNANLTCSACFGKGTQFLAAVLWQLNGTKITDFGEPRIQQEEGQNQSFSNGLACLDMVLRIADVKEEDLLLQYDCLALNLHGLRRHTVRLSRKNPIDHHSIYCIIAVCSVFLMLINVLVIILKMFWIEATLLWRDIAKPYKTRNDGKLYDAYVVYPRNYKSSTDGASRVEHFVHQILPDVLENKCGYTLCIYGRDMLPGEDVVTAVETNIRKSRRHIFILTPQITHNKEFAYEQEVALHCALIQNDAKVILIEMEALSELDMLQAEALQDSLQHLMKVQGTIKWREDHIANKRSLNSKFWKHVRYQMPVPSKIPRKASSLTPLAAQKQ,1.0,0.45799999999999996
O=C(O)CCCCCC1CCN=C(O)N1,MVQAHGGRSRAQPLTLSLGAAMTQPPPEKTPAKKHVRLQERRGSNVALMLDVRSLGAVEPICSVNTPREVTLHFLRTAGHPLTRWALQRQPPSPKQLEEEFLKIPSNFVSPEDLDIPGHASKDRYKTILPNPQSRVCLGRAQSQEDGDYINANYIRGYDGKEKVYIATQGPMPNTVSDFWEMVWQEEVSLIVMLTQLREGKEKCVHYWPTEEETYGPFQIRIQDMKECPEYTVRQLTIQYQEERRSVKHILFSAWPDHQTPESAGPLLRLVAEVEESPETAAHPGPIVVHCSAGIGRTGCFIATRIGCQQLKARGEVDILGIVCQLRLDRGGMIQTAEQYQFLHHTLALYAGQLPEEPSP,0.0,0.45799999999999996
C=C1N(CCCCCC(=O)O)C(=O)OC12CCCCC2,MKPHFRNTVERMYRDTFSYNFYNRPILSRRNTVWLCYEVKTKGPSRPPLDAKIFRGQVYSELKYHPEMRFFHWFSKWRKLHRDQEYEVTWYISWSPCTKCTRDMATFLAEDPKVTLTIFVARLYYFWDPDYQEALRSLCQKRDGPRATMKIMNYDEFQHCWSKFVYSQRELFEPWNNLPKYYILLHIMLGEILRHSMDPPTFTFNFNNEPWVRGRHETYLCYEVERMHNDTWVLLNQRRGFLCNQAPHKHGFLEGRHAELCFLDVIPFWKLDLDQDYRVTCFTSWSPCFSCAQEMAKFISKNKHVSLCIFTARIYDDQGRCQEGLRTLAEAGAKISIMTYSEFKHCWDTFVDHQGCPFQPWDGLDEHSQDLSGRLRAILQNQEN,0.0,0.45699999999999996
O=C(O)CCCC(=O)N1CCCC1,MVDQLRERTTMADPLRERTELLLADYLGYCAREPGTPEPAPSTPEAAVLRSAAARLRQIHRSFFSAYLGYPGNRFELVALMADSVLSDSPGPTWGRVVTLVTFAGTLLERGPLVTARWKKWGFQPRLKEQEGDVARDCQRLVALLSSRLMGQHRAWLQAQGGWDGFCHFFRTPFPLAFWRKQLVQAFLSCLLTTAFIYLWTRLL,0.0,0.45699999999999996
O=C(O)CCC(=O)NNC(=O)CCC1CCCCC1,MRPLQIVPSRLISQLYCGLKPPASTRNQICLKMARPSSSMADFRKFFAKAKHIVIISGAGVSAESGVPTFRGAGGYWRKWQAQDLATPLAFAHNPSRVWEFYHYRREVMGSKEPNAGHRAIAECETRLGKQGRRVVVITQNIDELHRKAGTKNLLEIHGSLFKTRCTSCGVVAENYKSPICPALSGKGAPEPGTQDASIPVEKLPRCEEAGCGGLLRPHVVWFGENLDPAILEEVDRELAHCDLCLVVGTSSVVYPAAMFAPQVAARGVPVAEFNTETTPATNRFRFHFQGPCGTTLPEALACHENETVS,0.0,0.45599999999999996
O=C(O)CCCC(=O)N1CCCC1,MEGDSYHNATTVNGTPVNHQPLERHRLWEVITIAAVTAVVSLITIVGNVLVMISFKVNSQLKTVNNYYLLSLACADLIIGIFSMNLYTTYILMGRWALGSLACDLWLALDYVASNASVMNLLVISFDRYFSITRPLTYRAKRTPKRAGIMIGLAWLISFILWAPAILCWQYLVGKRTVPLDECQIQFLSEPTITFGTAIAAFYIPVSVMTILYCRIYRETEKRTKDLADLQGSDSVTKAEKRKPAHRALFRSCLRCPRPTLAQRERNQASWSSSRRSTSTTGKPSQATGPSANWAKAEQLTTCSSYPSSEDEDKPATDPVLQVVYKSQGKESPGEEFSAEETEETFVKAETEKSDYDTPNYLLSPAAAHRPKSQKCVAYKFRLVVKADGNQETNNGCHKVKIMPCPFPVAKEPSTKGLNPNPSHQMTKRKRVVLVKERKAAQTLSAILLAFIITWTPYNIMVLVSTFCDKCVPVTLWHLGYWLCYVNSTVNPICYALCNRTFRKTFKMLLLCRWKKKKVEEKLYWQGNSKLP,1.0,0.45499999999999996
O=C(O)CCCN1C(O)=NC2N=C(O)NC21,MEVPQPEPAPGSALSPAGVCGGAQRPGHLPGLLLGSHGLLGSPVRAAASSPVTTLTQTMHDLAGLGSETPKSQVGTLLFRSRSRLTHLSLSRRASESSLSSESSESSDAGLCMDSPSPMDPHMAEQTFEQAIQAASRIIRNEQFAIRRFQSMPVRLLGHSPVLRNITNSQAPDGRRKSEAGSGAASSSGEDKENDGFVFKMPWKPTHPSSTHALAEWASRREAFAQRPSSAPDLMCLSPDRKMEVEELSPLALGRFSLTPAEGDTEEDDGFVDILESDLKDDDAVPPGMESLISAPLVKTLEKEEEKDLVMYSKCQRLFRSPSMPCSVIRPILKRLERPQDRDTPVQNKRRRSVTPPEEQQEAEEPKARVLRSKSLCHDEIENLLDSDHRELIGDYSKAFLLQTVDGKHQDLKYISPETMVALLTGKFSNIVDKFVIVDCRYPYEYEGGHIKTAVNLPLERDAESFLLKSPIAPCSLDKRVILIFHCEFSSERGPRMCRFIRERDRAVNDYPSLYYPEMYILKGGYKEFFPQHPNFCEPQDYRPMNHEAFKDELKTFRLKTRSWAGERSRRELCSRLQDQ,0.0,0.45499999999999996
O=C(O)CCC(=O)NC1CCCCC1,MSGLGENLDPLASDSRKRKLPCDTPGQGLTCSGEKRRREQESKYIEELAELISANLSDIDNFNVKPDKCAILKETVRQIRQIKEQGKTISNDDDVQKADVSSTGQGVIDKDSLGPLLLQALDGFLFVVNRDGNIVFVSENVTQYLQYKQEDLVNTSVYNILHEEDRKDFLKNLPKSTVNGVSWTNETQRQKSHTFNCRMLMKTPHDILEDINASPEMRQRYETMQCFALSQPRAMMEEGEDLQSCMICVARRITTGERTFPSNPESFITRHDLSGKVVNIDTNSLRSSMRPGFEDIIRRCIQRFFSLNDGQSWSQKRHYQEAYLNGHAETPVYRFSLADGTIVTAQTKSKLFRNPVTNDRHGFVSTHFLQREQNGYRPNPNPVGQGIRPPMAGCNSSVGGMSMSPNQGLQMPSSRAYGLADPSTTGQMSGARYGGSSNIASLTPGPGMQSPSSYQNNNYGLNMSSPPHGSPGLAPNQQNIMISPRNRGSPKIASHQFSPVAGVHSPMASSGNTGNHSFSSSSLSALQAISEGVGTSLLSTLSSPGPKLDNSPNMNITQPSKVSNQDSKSPLGFYCDQNPVESSMCQSNSRDHLSDKESKESSVEGAENQRGPLESKGHKKLLQLLTCSSDDRGHSSLTNSPLDSSCKESSVSVTSPSGVSSSTSGGVSSTSNMHGSLLQEKHRILHKLLQNGNSPAEVAKITAEATGKDTSSITSCGDGNVVKQEQLSPKKKENNALLRYLLDRDDPSDALSKELQPQVEGVDNKMSQCTSSTIPSSSQEKDPKIKTETSEEGSGDLDNLDAILGDLTSSDFYNNSISSNGSHLGTKQQVFQGTNSLGLKSSQSVQSIRPPYNRAVSLDSPVSVGSSPPVKNISAFPMLPKQPMLGGNPRMMDSQENYGSSMGGPNRNVTVTQTPSSGDWGLPNSKAGRMEPMNSNSMGRPGGDYNTSLPRPALGGSIPTLPLRSNSIPGARPVLQQQQQMLQMRPGEIPMGMGANPYGQAAASNQLGSWPDGMLSMEQVSHGTQNRPLLRNSLDDLVGPPSNLEGQSDERALLDQLHTLLSNTDATGLEEIDRALGIPELVNQGQALEPKQDAFQGQEAAVMMDQKAGLYGQTYPAQGPPMQGGFHLQGQSPSFNSMMNQMNQQGNFPLQGMHPRANIMRPRTNTPKQLRMQLQQRLQGQQFLNQSRQALELKMENPTAGGAAVMRPMMQPQVSSQQGFLNAQMVAQRSRELLSHHFRQQRVAMMMQQQQQQQQQQQQQQQQQQQQQQQQQQQQQTQAFSPPPNVTASPSMDGLLAGPTMPQAPPQQFPYQPNYGMGQQPDPAFGRVSSPPNAMMSSRMGPSQNPMMQHPQAASIYQSSEMKGWPSGNLARNSSFSQQQFAHQGNPAVYSMVHMNGSSGHMGQMNMNPMPMSGMPMGPDQKYC,0.0,0.45499999999999996
O=C(O)CCCCCCCCCCCO,MKRMVSWSFHKLKTMKHLLLLLLCVFLVKSQGVNDNEEGFFSARGHRPLDKKREEAPSLRPAPPPISGGGYRARPAKAAATQKKVERKAPDAGGCLHADPDLGVLCPTGCQLQEALLQQERPIRNSVDELNNNVEAVSQTSSSSFQYMYLLKDLWQKRQKQVKDNENVVNEYSSELEKHQLYIDETVNSNIPTNLRVLRSILENLRSKIQKLESDVSAQMEYCRTPCTVSCNIPVVSGKECEEIIRKGGETSEMYLIQPDSSVKPYRVYCDMNTENGGWTVIQNRQDGSVDFGRKWDPYKQGFGNVATNTDGKNYCGLPGEYWLGNDKISQLTRMGPTELLIEMEDWKGDKVKAHYGGFTVQNEANKYQISVNKYRGTAGNALMDGASQLMGENRTMTIHNGMFFSTYDRDNDGWLTSDPRKQCSKEDGGGWWYNRCHAANPNGRYYWGGQYTWDMAKHGTDDGVVWMNWKGSWYSMRKMSMKIRPFFPQQ,0.0,0.45499999999999996
O=C(O)CCC(=O)NC1CCCCC1NC(=O)CCC(=O)O,MAWEARREPGPRRAAVRETVMLLLCLGVPTGRPYNVDTESALLYQGPHNTLFGYSVVLHSHGANRWLLVGAPTANWLANASVINPGAIYRCRIGKNPGQTCEQLQLGSPNGEPCGKTCLEERDNQWLGVTLSRQPGENGSIVTCGHRWKNIFYIKNENKLPTGGCYGVPPDLRTELSKRIAPCYQDYVKKFGENFASCQAGISSFYTKDLIVMGAPGSSYWTGSLFVYNITTNKYKAFLDKQNQVKFGSYLGYSVGAGHFRSQHTTEVVGGAPQHEQIGKAYIFSIDEKELNILHEMKGKKLGSYFGASVCAVDLNADGFSDLLVGAPMQSTIREEGRVFVYINSGSGAVMNAMETNLVGSDKYAARFGESIVNLGDIDNDGFEDVAIGAPQEDDLQGAIYIYNGRADGISSTFSQRIEGLQISKSLSMFGQSISGQIDADNNGYVDVAVGAFRSDSAVLLRTRPVVIVDASLSHPESVNRTKFDCVENGWPSVCIDLTLCFSYKGKEVPGYIVLFYNMSLDVNRKAESPPRFYFSSNGTSDVITGSIQVSSREANCRTHQAFMRKDVRDILTPIQIEAAYHLGPHVISKRSTEEFPPLQPILQQKKEKDIMKKTINFARFCAHENCSADLQVSAKIGFLKPHENKTYLAVGSMKTLMLNVSLFNAGDDAYETTLHVKLPVGLYFIKILELEEKQINCEVTDNSGVVQLDCSIGYIYVDHLSRIDISFLLDVSSLSRAEEDLSITVHATCENEEEMDNLKHSRVTVAIPLKYEVKLTVHGFVNPTSFVYGSNDENEPETCMVEKMNLTFHVINTGNSMAPNVSVEIMVPNSFSPQTDKLFNILDVQTTTGECHFENYQRVCALEQQKSAMQTLKGIVRFLSKTDKRLLYCIKADPHCLNFLCNFGKMESGKEASVHIQLEGRPSILEMDETSALKFEIRATGFPEPNPRVIELNKDENVAHVLLEGLHHQRPKRYFTIVIISSSLLLGLIVLLLISYVMWKAGFFKRQYKSILQEENRRDSWSYINSKSNDD,0.0,0.45399999999999996
O=C(O)CCCN=CC1=C(O)CN=C1O,MSAAVTAGKLARAPADPGKAGVPGVAAPGAPAAAPPAKEIPEVLVDPRSRRRYVRGRFLGKGGFAKCFEISDADTKEVFAGKIVPKSLLLKPHQREKMSMEISIHRSLAHQHVVGFHGFFEDNDFVFVVLELCRRRSLLELHKRRKALTEPEARYYLRQIVLGCQYLHRNRVIHRDLKLGNLFLNEDLEVKIGDFGLATKVEYDGERKKTLCGTPNYIAPEVLSKKGHSFEVDVWSIGCIMYTLLVGKPPFETSCLKETYLRIKKNEYSIPKHINPVAASLIQKMLQTDPTARPTINELLNDEFFTSGYIPARLPITCLTIPPRFSIAPSSLDPSNRKPLTVLNKGLENPLPERPREKEEPVVRETGEVVDCHLSDMLQQLHSVNASKPSERGLVRQEEAEDPACIPIFWVSKWVDYSDKYGLGYQLCDNSVGVLFNDSTRLILYNDGDSLQYIERDGTESYLTVSSHPNSLMKKITLLKYFRNYMSEHLLKAGANITPREGDELARLPYLRTWFRTRSAIILHLSNGSVQINFFQDHTKLILCPLMAAVTYIDEKRDFRTYRLSLLEEYGCCKELASRLRYARTMVDKLLSSRSASNRLKAS,1.0,0.45399999999999996
O=C(O)CCCN1C(=O)C2C3CCC(C3)C2C1=O,MASPRTRKVLKEVRAQDENNVCFECGAFNPQWVSVTYGIWICLECSGRHRGLGVHLSFVRSVTMDKWKDIELEKMKAGGNAKFREFLEAQDDYEPSWSLQDKYSSRAAALFRDKVATLAEGKEWSLESSPAQNWTPPQPKTLQFTAHRPAGQPQNVTTSGDKAFEDWLNDDLGSYQGAQENRYVGFGNTVPPQKREDDFLNSAMSSLYSGWSSFTTGASKFASAAKEGATKFGSQASQKASELGHSLNENVLKPAQEKVKEGRIFDDVSSGVSQLASKVQGVGSKGWRDVTTFFSGKAEDTSDRPLEGHSYQNSSGDNSQNSTIDQSFWETFGSAEPPKAKSPSSDSWTCADASTGRRSSDSWDIWGSGSASNNKNSNSDGWESWEGASGEGRAKATKKAAPSTAADEGWDNQNW,0.0,0.45399999999999996
O=C(O)CCCN=CC1=C(O)CN=C1O,MASESETLNPSARIMTFYPTMEEFRNFSRYIAYIESQGAHRAGLAKVVPPKEWKPRASYDDIDDLVIPAPIQQLVTGQSGLFTQYNIQKKAMTVREFRKIANSDKYCTPRYSEFEELERKYWKNLTFNPPIYGADVNGTLYEKHVDEWNIGRLRTILDLVEKESGITIEGVNTPYLYFGMWKTSFAWHTEDMDLYSINYLHFGEPKSWYSVPPEHGKRLERLAKGFFPGSAQSCEAFLRHKMTLISPLMLKKYGIPFDKVTQEAGEFMITFPYGYHAGFNHGFNCAESTNFATRRWIEYGKQAVLCSCRKDMVKISMDVFVRKFQPERYKLWKAGKDNTVIDHTLPTPEAAEFLKESELPPRAGNEEECPEEDMEGVEDGEEGDLKTSLAKHRIGTKRHRVCLEIPQEVSQSELFPKEDLSSEQYEMTECPAALAPVRPTHSSVRQVEDGLTFPDYSDSTEVKFEELKNVKLEEEDEEEEQAAAALDLSVNPASVGGRLVFSGSKKKSSSSLGSGSSRDSISSDSETSEPLSCRAQGQTGVLTVHSYAKGDGRVTVGEPCTRKKGSAARSFSERELAEVADEYMFSLEENKKSKGRRQPLSKLPRHHPLVLQECVSDDETSEQLTPEEEAEETEAWAKPLSQLWQNRPPNFEAEKEFNETMAQQAPHCAVCMIFQTYHQVEFGGFNQNCGNASDLAPQKQRTKPLIPEMCFTSTGCSTDINLSTPYLEEDGTSILVSCKKCSVRVHASCYGVPPAKASEDWMCSRCSANALEEDCCLCSLRGGALQRANDDRWVHVSCAVAILEARFVNIAERSPVDVSKIPLPRFKLKCIFCKKRRKRTAGCCVQCSHGRCPTAFHVSCAQAAGVMMQPDDWPFVVFITCFRHKIPNLERAKGALQSITAGQKVISKHKNGRFYQCEVVRLTTETFYEVNFDDGSFSDNLYPEDIVSQDCLQFGPPAEGEVVQVRWTDGQVYGAKFVASHPIQMYQVEFEDGSQLVVKRDDVYTLDEELPKRVKSRLSVASDMRFNEIFTEKEVKQEKKRQRVINSRYREDYIEPALYRAIME,1.0,0.45299999999999996
O=C(O)CCCC[C@@H]1SC[C@@H]2N=C(O)N[C@@H]21,MEASPASGPRHLMDPHIFTSNFNNGIGRHKTYLCYEVERLDNGTSVKMDQHRGFLHNQAKNLLCGFYGRHAELRFLDLVPSLQLDPAQIYRVTWFISWSPCFSWGCAGEVRAFLQENTHVRLRIFAARIYDYDPLYKEALQMLRDAGAQVSIMTYDEFKHCWDTFVDHQGCPFQPWDGLDEHSQALSGRLRAILQNQGN,0.0,0.45299999999999996
O=C(O)CCCCO,MQPQSVLHSGYFHPLLRAWQTATTTLNASNLIYPIFVTDVPDDIQPITSLPGVARYGVKRLEEMLRPLVEEGLRCVLIFGVPSRVPKDERGSAADSEESPAIEAIHLLRKTFPNLLVACDVCLCPYTSHGHCGLLSENGAFRAEESRQRLAEVALAYAKAGCQVVAPSDMMDGRVEAIKEALMAHGLGNRVSVMSYSAKFASCFYGPFRDAAKSSPAFGDRRCYQLPPGARGLALRAVDRDVREGADMLMVKPGMPYLDIVREVKDKHPDLPLAVYHVSGEFAMLWHGAQAGAFDLKAAVLEAMTAFRRAGADIIITYYTPQLLQWLKEE,1.0,0.45299999999999996
O=C(O)CCn1c(=O)n(CCC(=O)O)c(=O)n(CCC(=O)O)c1=O,MKPHFRNTVERMYRDTFSYNFYNRPILSRRNTVWLCYEVKTKGPSRPPLDAKIFRGQVYSELKYHPEMRFFHWFSKWRKLHRDQEYEVTWYISWSPCTKCTRDMATFLAEDPKVTLTIFVARLYYFWDPDYQEALRSLCQKRDGPRATMKIMNYDEFQHCWSKFVYSQRELFEPWNNLPKYYILLHIMLGEILRHSMDPPTFTFNFNNEPWVRGRHETYLCYEVERMHNDTWVLLNQRRGFLCNQAPHKHGFLEGRHAELCFLDVIPFWKLDLDQDYRVTCFTSWSPCFSCAQEMAKFISKNKHVSLCIFTARIYDDQGRCQEGLRTLAEAGAKISIMTYSEFKHCWDTFVDHQGCPFQPWDGLDEHSQDLSGRLRAILQNQEN,0.0,0.45299999999999996
O=C(O)CCCO,MWTVQNRESLGLLSFPVMITMVCCAHSTNEPSNMSYVKETVDRLLKGYDIRLRPDFGGPPVDVGMRIDVASIDMVSEVNMDYTLTMYFQQSWKDKRLSYSGIPLNLTLDNRVADQLWVPDTYFLNDKKSFVHGVTVKNRMIRLHPDGTVLYGLRITTTAACMMDLRRYPLDEQNCTLEIESYGYTTDDIEFYWNGGEGAVTGVNKIELPQFSIVDYKMVSKKVEFTTGAYPRLSLSFRLKRNIGYFILQTYMPSTLITILSWVSFWINYDASAARVALGITTVLTMTTISTHLRETLPKIPYVKAIDIYLMGCFVFVFLALLEYAFVNYIFFGKGPQKKGASKQDQSANEKNKLEMNKVQVDAHGNILLSTLEIRNETSGSEVLTSVSDPKATMYSYDSASIQYRKPLSSREAYGRALDRHGVPSKGRIRRRASQLKVKIPDLTDVNSIDKWSRMFFPITFSLFNVVYWLYYVH,1.0,0.45199999999999996
O=C(O)CCN1C(=O)C2CCCCC2C1=O,MEDPRRRTTAPRAKKPSAKRAPTQPSRTRAHAESCGPQRGARSRRAERDGDTTEKPRAPGPRVHPARATELTKDAQPSAMDAAGATARPAVRVPQQQAILDPELPAVREPQPPADPEARKVVRGPSHRRGARSTGQPRAPRGSRKEPDKLKKVLDKLRLKRKDISEAAETVNKVVERLLRRMQKRESEFKGVEQLNTGSYYEHVKISAPNEFDVMFKLEVPRIELQEYYETGAFYLVKFKRIPRGNPLSHFLEGEVLSATKMLSKFRKIIKEEVKEIKDIDVSVEKEKPGSPAVTLLIRNPEEISVDIILALESKGSWPISTKEGLPIQGWLGTKVRTNLRREPFYLVPKNAKDGNSFQGETWRLSFSHTEKYILNNHGIEKTCCESSGAKCCRKECLKLMKYLLEQLKKEFQELDAFCSYHVKTAIFHMWTQDPQDSQWDPRNLSSCFDKLLAFFLECLRTEKLDHYFIPKFNLFSQELIDRKSKEFLSKKIEYERNNGFPIFDKL,0.0,0.45199999999999996
O=C(O)CCCN1C(=O)C2C3CCC(C3)C2C1=O,MPARTAPARVPTLAVPAISLPDDVRRRLKDLERDSLTEKECVKEKLNLLHEFLQTEIKNQLCDLETKLRKEELSEEGYLAKVKSLLNKDLSLENGAHAYNREVNGRLENGNQARSEARRVGMADANSPPKPLSKPRTPRRSKSDGEAKPEPSPSPRITRKSTRQTTITSHFAKGPAKRKPQEESERAKSDESIKEEDKDQDEKRRRVTSRERVARPLPAEEPERAKSGTRTEKEEERDEKEEKRLRSQTKEPTPKQKLKEEPDREARAGVQADEDEDGDEKDEKKHRSQPKDLAAKRRPEEKEPEKVNPQISDEKDEDEKEEKRRKTTPKEPTEKKMARAKTVMNSKTHPPKCIQCGQYLDDPDLKYGQHPPDAVDEPQMLTNEKLSIFDANESGFESYEALPQHKLTCFSVYCKHGHLCPIDTGLIEKNIELFFSGSAKPIYDDDPSLEGGVNGKNLGPINEWWITGFDGGEKALIGFSTSFAEYILMDPSPEYAPIFGLMQEKIYISKIVVEFLQSNSDSTYEDLINKIETTVPPSGLNLNRFTEDSLLRHAQFVVEQVESYDEAGDSDEQPIFLTPCMRDLIKLAGVTLGQRRAQARRQTIRHSTREKDRGPTKATTTKLVYQIFDTFFAEQIEKDDREDKENAFKRRRCGVCEVCQQPECGKCKACKDMVKFGGSGRSKQACQERRCPNMAMKEADDDEEVDDNIPEMPSPKKMHQGKKKKQNKNRISWVGEAVKTDGKKSYYKKVCIDAETLEVGDCVSVIPDDSSKPLYLARVTALWEDSSNGQMFHAHWFCAGTDTVLGATSDPLELFLVDECEDMQLSYIHSKVKVIYKAPSENWAMEGGMDPESLLEGDDGKTYFYQLWYDQDYARFESPPKTQPTEDNKFKFCVSCARLAEMRQKEIPRVLEQLEDLDSRVLYYSATKNGILYRVGDGVYLPPEAFTFNIKLSSPVKRPRKEPVDEDLYPEHYRKYSDYIKGSNLDAPEPYRIGRIKEIFCPKKSNGRPNETDIKIRVNKFYRPENTHKSTPASYHADINLLYWSDEEAVVDFKAVQGRCTVEYGEDLPECVQVYSMGGPNRFYFLEAYNAKSKSFEDPPNHARSPGNKGKGKGKGKGKPKSQACEPSEPEIEIKLPKLRTLDVFSGCGGLSEGFHQAGISDTLWAIEMWDPAAQAFRLNNPGSTVFTEDCNILLKLVMAGETTNSRGQRLPQKGDVEMLCGGPPCQGFSGMNRFNSRTYSKFKNSLVVSFLSYCDYYRPRFFLLENVRNFVSFKRSMVLKLTLRCLVRMGYQCTFGVLQAGQYGVAQTRRRAIILAAAPGEKLPLFPEPLHVFAPRACQLSVVVDDKKFVSNITRLSSGPFRTITVRDTMSDLPEVRNGASALEISYNGEPQSWFQRQLRGAQYQPILRDHICKDMSALVAARMRHIPLAPGSDWRDLPNIEVRLSDGTMARKLRYTHHDRKNGRSSSGALRGVCSCVEAGKACDPAARQFNTLIPWCLPHTGNRHNHWAGLYGRLEWDGFFSTTVTNPEPMGKQGRVLHPEQHRVVSVRECARSQGFPDTYRLFGNILDKHRQVGNAVPPPLAKAIGLEIKLCMLAKARESASAKIKEEEAAKD,0.0,0.45099999999999996
O=C(O)CCCCC1SCC2N=C(O)NC21,MPARTAPARVPTLAVPAISLPDDVRRRLKDLERDSLTEKECVKEKLNLLHEFLQTEIKNQLCDLETKLRKEELSEEGYLAKVKSLLNKDLSLENGAHAYNREVNGRLENGNQARSEARRVGMADANSPPKPLSKPRTPRRSKSDGEAKPEPSPSPRITRKSTRQTTITSHFAKGPAKRKPQEESERAKSDESIKEEDKDQDEKRRRVTSRERVARPLPAEEPERAKSGTRTEKEEERDEKEEKRLRSQTKEPTPKQKLKEEPDREARAGVQADEDEDGDEKDEKKHRSQPKDLAAKRRPEEKEPEKVNPQISDEKDEDEKEEKRRKTTPKEPTEKKMARAKTVMNSKTHPPKCIQCGQYLDDPDLKYGQHPPDAVDEPQMLTNEKLSIFDANESGFESYEALPQHKLTCFSVYCKHGHLCPIDTGLIEKNIELFFSGSAKPIYDDDPSLEGGVNGKNLGPINEWWITGFDGGEKALIGFSTSFAEYILMDPSPEYAPIFGLMQEKIYISKIVVEFLQSNSDSTYEDLINKIETTVPPSGLNLNRFTEDSLLRHAQFVVEQVESYDEAGDSDEQPIFLTPCMRDLIKLAGVTLGQRRAQARRQTIRHSTREKDRGPTKATTTKLVYQIFDTFFAEQIEKDDREDKENAFKRRRCGVCEVCQQPECGKCKACKDMVKFGGSGRSKQACQERRCPNMAMKEADDDEEVDDNIPEMPSPKKMHQGKKKKQNKNRISWVGEAVKTDGKKSYYKKVCIDAETLEVGDCVSVIPDDSSKPLYLARVTALWEDSSNGQMFHAHWFCAGTDTVLGATSDPLELFLVDECEDMQLSYIHSKVKVIYKAPSENWAMEGGMDPESLLEGDDGKTYFYQLWYDQDYARFESPPKTQPTEDNKFKFCVSCARLAEMRQKEIPRVLEQLEDLDSRVLYYSATKNGILYRVGDGVYLPPEAFTFNIKLSSPVKRPRKEPVDEDLYPEHYRKYSDYIKGSNLDAPEPYRIGRIKEIFCPKKSNGRPNETDIKIRVNKFYRPENTHKSTPASYHADINLLYWSDEEAVVDFKAVQGRCTVEYGEDLPECVQVYSMGGPNRFYFLEAYNAKSKSFEDPPNHARSPGNKGKGKGKGKGKPKSQACEPSEPEIEIKLPKLRTLDVFSGCGGLSEGFHQAGISDTLWAIEMWDPAAQAFRLNNPGSTVFTEDCNILLKLVMAGETTNSRGQRLPQKGDVEMLCGGPPCQGFSGMNRFNSRTYSKFKNSLVVSFLSYCDYYRPRFFLLENVRNFVSFKRSMVLKLTLRCLVRMGYQCTFGVLQAGQYGVAQTRRRAIILAAAPGEKLPLFPEPLHVFAPRACQLSVVVDDKKFVSNITRLSSGPFRTITVRDTMSDLPEVRNGASALEISYNGEPQSWFQRQLRGAQYQPILRDHICKDMSALVAARMRHIPLAPGSDWRDLPNIEVRLSDGTMARKLRYTHHDRKNGRSSSGALRGVCSCVEAGKACDPAARQFNTLIPWCLPHTGNRHNHWAGLYGRLEWDGFFSTTVTNPEPMGKQGRVLHPEQHRVVSVRECARSQGFPDTYRLFGNILDKHRQVGNAVPPPLAKAIGLEIKLCMLAKARESASAKIKEEEAAKD,1.0,0.45099999999999996
O=C(O)CCC(=O)NNC(=O)CCC1CCCCC1,MEEQGHSEMEIIPSESHPHIQLLKSNRELLVTHIRNTQCLVDNLLKNDYFSAEDAEIVCACPTQPDKVRKILDLVQSKGEEVSEFFLYLLQQLADAYVDLRPWLLEIGFSPSLLTQSKVVVNTDPVSRYTQQLRHHLGRDSKFVLCYAQKEELLLEEIYMDTIMELVGFSNESLGSLNSLACLLDHTTGILNEQGETIFILGDAGVGKSMLLQRLQSLWATGRLDAGVKFFFHFRCRMFSCFKESDRLCLQDLLFKHYCYPERDPEEVFAFLLRFPHVALFTFDGLDELHSDLDLSRVPDSSCPWEPAHPLVLLANLLSGKLLKGASKLLTARTGIEVPRQFLRKKVLLRGFSPSHLRAYARRMFPERALQDRLLSQLEANPNLCSLCSVPLFCWIIFRCFQHFRAAFEGSPQLPDCTMTLTDVFLLVTEVHLNRMQPSSLVQRNTRSPVETLHAGRDTLCSLGQVAHRGMEKSLFVFTQEEVQASGLQERDMQLGFLRALPELGPGGDQQSYEFFHLTLQAFFTAFFLVLDDRVGTQELLRFFQEWMPPAGAATTSCYPPFLPFQCLQGSGPAREDLFKNKDHFQFTNLFLCGLLSKAKQKLLRHLVPAAALRRKRKALWAHLFSSLRGYLKSLPRVQVESFNQVQAMPTFIWMLRCIYETQSQKVGQLAARGICANYLKLTYCNACSADCSALSFVLHHFPKRLALDLDNNNLNDYGVRELQPCFSRLTVLRLSVNQITDGGVKVLSEELTKYKIVTYLGLYNNQITDVGARYVTKILDECKGLTHLKLGKNKITSEGGKYLALAVKNSKSISEVGMWGNQVGDEGAKAFAEALRNHPSLTTLSLASNGISTEGGKSLARALQQNTSLEILWLTQNELNDEVAESLAEMLKVNQTLKHLWLIQNQITAKGTAQLADALQSNTGITEICLNGNLIKPEEAKVYEDEKRIICF,0.0,0.45099999999999996
O=C(O)CCCC[C@H]1SC[C@H]2N=C(O)N[C@@H]21,MGCTLSAEDKAAVERSKMIDRNLREDGEKAAREVKLLLLGAGESGKSTIVKQMKIIHEAGYSEEECKQYKAVVYSNTIQSIIAIIRAMGRLKIDFGDSARADDARQLFVLAGAAEEGFMTAELAGVIKRLWKDSGVQACFNRSREYQLNDSAAYYLNDLDRIAQPNYIPTQQDVLRTRVKTTGIVETHFTFKDLHFKMFDVGGQRSERKKWIHCFEGVTAIIFCVALSDYDLVLAEDEEMNRMHESMKLFDSICNNKWFTDTSIILFLNKKDLFEEKIKKSPLTICYPEYAGSNTYEEAAAYIQCQFEDLNKRKDTKEIYTHFTCATDTKNVQFVFDAVTDVIIKNNLKDCGLF,0.0,0.45099999999999996
